,가해자차종,발생월,사고건수,사망자수,중상자수,경상자수,부상신고자수,연도,연월,계절
0,건설기계,1,97,8,59,113,1,2012,2012-01-01,겨울
1,건설기계,2,103,8,65,84,2,2012,2012-02-01,겨울
2,건설기계,3,125,5,76,129,4,2012,2012-03-01,봄
3,건설기계,4,125,5,74,165,6,2012,2012-04-01,봄
4,건설기계,5,143,11,97,174,7,2012,2012-05-01,봄
5,건설기계,6,182,17,96,188,15,2012,2012-06-01,여름
6,건설기계,7,141,5,78,147,3,2012,2012-07-01,여름
7,건설기계,8,112,11,53,100,1,2012,2012-08-01,여름
8,건설기계,9,145,6,81,137,5,2012,2012-09-01,가을
9,건설기계,10,173,19,97,125,14,2012,2012-10-01,가을
10,건설기계,11,198,12,90,205,13,2012,2012-11-01,가을
11,건설기계,12,142,6,93,127,7,2012,2012-12-01,겨울
12,농기계,1,6,2,2,4,0,2012,2012-01-01,겨울
13,농기계,2,9,3,2,5,1,2012,2012-02-01,겨울
14,농기계,3,15,2,9,10,1,2012,2012-03-01,봄
15,농기계,4,28,1,9,23,2,2012,2012-04-01,봄
16,농기계,5,69,6,34,45,6,2012,2012-05-01,봄
17,농기계,6,46,8,13,28,7,2012,2012-06-01,여름
18,농기계,7,32,6,13,16,3,2012,2012-07-01,여름
19,농기계,8,42,9,18,16,5,2012,2012-08-01,여름
20,농기계,9,48,19,20,20,3,2012,2012-09-01,가을
21,농기계,10,51,14,26,18,3,2012,2012-10-01,가을
22,농기계,11,51,11,30,23,3,2012,2012-11-01,가을
23,농기계,12,10,2,6,4,1,2012,2012-12-01,겨울
24,기타,1,329,1,99,279,34,2012,2012-01-01,겨울
25,기타,2,275,1,65,226,25,2012,2012-02-01,겨울
26,기타,3,328,1,100,228,37,2012,2012-03-01,봄
27,기타,4,356,0,107,267,42,2012,2012-04-01,봄
28,기타,5,347,0,110,248,44,2012,2012-05-01,봄
29,기타,6,347,0,97,266,36,2012,2012-06-01,여름
30,기타,7,350,0,92,258,55,2012,2012-07-01,여름
31,기타,8,321,2,88,263,36,2012,2012-08-01,여름
32,기타,9,339,3,87,248,44,2012,2012-09-01,가을
33,기타,10,378,1,118,250,50,2012,2012-10-01,가을
34,기타,11,372,6,98,270,50,2012,2012-11-01,가을
35,기타,12,308,1,75,231,50,2012,2012-12-01,겨울
36,승용차,1,11813,231,5330,12956,607,2012,2012-01-01,겨울
37,승용차,2,11829,203,5311,13027,612,2012,2012-02-01,겨울
38,승용차,3,12571,209,5509,13557,657,2012,2012-03-01,봄
39,승용차,4,13123,249,5600,13942,791,2012,2012-04-01,봄
40,승용차,5,12982,207,5905,13726,728,2012,2012-05-01,봄
41,승용차,6,12260,228,5468,12819,710,2012,2012-06-01,여름
42,승용차,7,12889,189,5553,13893,790,2012,2012-07-01,여름
43,승용차,8,12442,210,5350,13986,796,2012,2012-08-01,여름
44,승용차,9,12723,216,5429,14028,768,2012,2012-09-01,가을
45,승용차,10,12807,257,5616,13536,807,2012,2012-10-01,가을
46,승용차,11,13189,237,5646,14054,820,2012,2012-11-01,가을
47,승용차,12,12563,244,5407,14162,758,2012,2012-12-01,겨울
48,승합차,1,1296,45,704,1383,82,2012,2012-01-01,겨울
49,승합차,2,1267,40,725,1277,186,2012,2012-02-01,겨울
50,승합차,3,1373,39,686,1409,63,2012,2012-03-01,봄
51,승합차,4,1412,30,813,1617,111,2012,2012-04-01,봄
52,승합차,5,1400,37,843,1557,95,2012,2012-05-01,봄
53,승합차,6,1307,29,758,1306,107,2012,2012-06-01,여름
54,승합차,7,1359,40,717,1486,110,2012,2012-07-01,여름
55,승합차,8,1241,23,654,1421,124,2012,2012-08-01,여름
56,승합차,9,1392,31,648,1499,134,2012,2012-09-01,가을
57,승합차,10,1399,40,817,1537,108,2012,2012-10-01,가을
58,승합차,11,1506,54,903,1561,107,2012,2012-11-01,가을
59,승합차,12,1456,48,794,1650,139,2012,2012-12-01,겨울
60,원동기장치자전거,1,359,21,146,204,46,2012,2012-01-01,겨울
61,원동기장치자전거,2,348,15,151,214,41,2012,2012-02-01,겨울
62,원동기장치자전거,3,437,14,207,243,59,2012,2012-03-01,봄
63,원동기장치자전거,4,488,27,204,309,64,2012,2012-04-01,봄
64,원동기장치자전거,5,631,24,292,368,77,2012,2012-05-01,봄
65,원동기장치자전거,6,647,31,281,403,71,2012,2012-06-01,여름
66,원동기장치자전거,7,600,20,268,368,69,2012,2012-07-01,여름
67,원동기장치자전거,8,525,15,228,353,65,2012,2012-08-01,여름
68,원동기장치자전거,9,579,34,235,362,70,2012,2012-09-01,가을
69,원동기장치자전거,10,571,24,262,335,68,2012,2012-10-01,가을
70,원동기장치자전거,11,486,15,204,288,77,2012,2012-11-01,가을
71,원동기장치자전거,12,271,10,117,173,40,2012,2012-12-01,겨울
72,이륜차,1,552,11,248,309,73,2012,2012-01-01,겨울
73,이륜차,2,520,17,223,325,70,2012,2012-02-01,겨울
74,이륜차,3,778,26,339,456,110,2012,2012-03-01,봄
75,이륜차,4,939,45,414,598,115,2012,2012-04-01,봄
76,이륜차,5,1089,41,482,692,148,2012,2012-05-01,봄
77,이륜차,6,1050,47,471,691,147,2012,2012-06-01,여름
78,이륜차,7,1068,45,451,661,151,2012,2012-07-01,여름
79,이륜차,8,985,37,396,631,147,2012,2012-08-01,여름
80,이륜차,9,1018,44,440,632,141,2012,2012-09-01,가을
81,이륜차,10,1015,45,459,614,158,2012,2012-10-01,가을
82,이륜차,11,929,38,426,517,146,2012,2012-11-01,가을
83,이륜차,12,472,9,194,270,96,2012,2012-12-01,겨울
84,자전거,1,119,9,46,47,20,2012,2012-01-01,겨울
85,자전거,2,114,5,37,59,17,2012,2012-02-01,겨울
86,자전거,3,174,4,70,82,29,2012,2012-03-01,봄
87,자전거,4,274,9,96,143,45,2012,2012-04-01,봄
88,자전거,5,442,7,166,215,81,2012,2012-05-01,봄
89,자전거,6,458,16,164,235,85,2012,2012-06-01,여름
90,자전거,7,414,6,148,221,72,2012,2012-07-01,여름
91,자전거,8,330,11,129,153,66,2012,2012-08-01,여름
92,자전거,9,408,12,148,193,76,2012,2012-09-01,가을
93,자전거,10,414,12,162,191,78,2012,2012-10-01,가을
94,자전거,11,274,8,100,128,50,2012,2012-11-01,가을
95,자전거,12,126,2,40,64,24,2012,2012-12-01,겨울
96,특수차,1,73,3,40,58,2,2012,2012-01-01,겨울
97,특수차,2,93,8,46,85,6,2012,2012-02-01,겨울
98,특수차,3,93,6,54,100,3,2012,2012-03-01,봄
99,특수차,4,93,6,52,88,7,2012,2012-04-01,봄
100,특수차,5,84,4,50,75,8,2012,2012-05-01,봄
101,특수차,6,74,6,46,84,4,2012,2012-06-01,여름
102,특수차,7,80,1,43,115,6,2012,2012-07-01,여름
103,특수차,8,87,9,48,84,4,2012,2012-08-01,여름
104,특수차,9,73,5,42,67,2,2012,2012-09-01,가을
105,특수차,10,85,2,58,87,6,2012,2012-10-01,가을
106,특수차,11,73,4,37,56,1,2012,2012-11-01,가을
107,특수차,12,91,3,43,112,3,2012,2012-12-01,겨울
108,화물차,1,2174,87,1137,2173,79,2012,2012-01-01,겨울
109,화물차,2,2098,93,1019,1985,107,2012,2012-02-01,겨울
110,화물차,3,2361,97,1264,2299,109,2012,2012-03-01,봄
111,화물차,4,2534,111,1287,2500,137,2012,2012-04-01,봄
112,화물차,5,2485,107,1406,2381,103,2012,2012-05-01,봄
113,화물차,6,2483,94,1359,2230,129,2012,2012-06-01,여름
114,화물차,7,2400,104,1268,2454,133,2012,2012-07-01,여름
115,화물차,8,2322,82,1189,2507,140,2012,2012-08-01,여름
116,화물차,9,2509,116,1297,2455,151,2012,2012-09-01,가을
117,화물차,10,2664,119,1405,2611,143,2012,2012-10-01,가을
118,화물차,11,2672,123,1397,2607,147,2012,2012-11-01,가을
119,화물차,12,2309,98,1209,2301,124,2012,2012-12-01,겨울
120,승용차,1,11364,208,4830,12626,716,2013,2013-01-01,겨울
121,승용차,2,10020,203,4264,11233,613,2013,2013-02-01,겨울
122,승용차,3,11905,185,5121,12445,763,2013,2013-03-01,봄
123,승용차,4,12142,196,5262,13017,909,2013,2013-04-01,봄
124,승용차,5,13000,202,5626,13700,848,2013,2013-05-01,봄
125,승용차,6,11862,201,5025,12555,818,2013,2013-06-01,여름
126,승용차,7,12332,213,5202,13355,835,2013,2013-07-01,여름
127,승용차,8,12328,189,5286,13880,883,2013,2013-08-01,여름
128,승용차,9,11847,240,5031,12703,847,2013,2013-09-01,가을
129,승용차,10,12832,229,5578,13059,900,2013,2013-10-01,가을
130,승용차,11,12774,229,5415,13273,893,2013,2013-11-01,가을
131,승용차,12,12050,243,4994,12973,825,2013,2013-12-01,겨울
132,승합차,1,1196,37,671,1275,127,2013,2013-01-01,겨울
133,승합차,2,1110,39,582,1190,63,2013,2013-02-01,겨울
134,승합차,3,1259,27,665,1436,74,2013,2013-03-01,봄
135,승합차,4,1360,20,751,1449,137,2013,2013-04-01,봄
136,승합차,5,1432,29,727,1458,133,2013,2013-05-01,봄
137,승합차,6,1214,26,617,1383,122,2013,2013-06-01,여름
138,승합차,7,1303,31,733,1589,139,2013,2013-07-01,여름
139,승합차,8,1288,18,664,1380,112,2013,2013-08-01,여름
140,승합차,9,1216,23,614,1240,104,2013,2013-09-01,가을
141,승합차,10,1448,40,794,1509,153,2013,2013-10-01,가을
142,승합차,11,1466,46,737,1483,98,2013,2013-11-01,가을
143,승합차,12,1253,37,677,1300,159,2013,2013-12-01,겨울
144,화물차,1,2100,94,1071,2004,129,2013,2013-01-01,겨울
145,화물차,2,1749,61,883,1719,103,2013,2013-02-01,겨울
146,화물차,3,2230,113,1160,2132,149,2013,2013-03-01,봄
147,화물차,4,2306,101,1161,2296,145,2013,2013-04-01,봄
148,화물차,5,2401,83,1259,2259,156,2013,2013-05-01,봄
149,화물차,6,2320,94,1195,2290,161,2013,2013-06-01,여름
150,화물차,7,2340,103,1162,2275,128,2013,2013-07-01,여름
151,화물차,8,2297,99,1258,2321,124,2013,2013-08-01,여름
152,화물차,9,2185,76,1083,2185,139,2013,2013-09-01,가을
153,화물차,10,2681,111,1401,2552,142,2013,2013-10-01,가을
154,화물차,11,2747,121,1382,2672,169,2013,2013-11-01,가을
155,화물차,12,2294,113,1193,2218,125,2013,2013-12-01,겨울
156,특수차,1,82,8,46,86,4,2013,2013-01-01,겨울
157,특수차,2,63,1,51,62,3,2013,2013-02-01,겨울
158,특수차,3,78,2,59,52,6,2013,2013-03-01,봄
159,특수차,4,70,7,33,73,3,2013,2013-04-01,봄
160,특수차,5,79,7,55,84,2,2013,2013-05-01,봄
161,특수차,6,75,4,43,64,2,2013,2013-06-01,여름
162,특수차,7,72,8,52,94,3,2013,2013-07-01,여름
163,특수차,8,70,0,36,65,7,2013,2013-08-01,여름
164,특수차,9,55,7,21,45,1,2013,2013-09-01,가을
165,특수차,10,74,1,38,75,5,2013,2013-10-01,가을
166,특수차,11,77,5,42,61,14,2013,2013-11-01,가을
167,특수차,12,70,8,43,76,2,2013,2013-12-01,겨울
168,이륜차,1,489,15,196,269,88,2013,2013-01-01,겨울
169,이륜차,2,513,15,222,302,82,2013,2013-02-01,겨울
170,이륜차,3,846,40,337,520,153,2013,2013-03-01,봄
171,이륜차,4,887,28,389,537,122,2013,2013-04-01,봄
172,이륜차,5,1018,41,466,614,189,2013,2013-05-01,봄
173,이륜차,6,1122,45,471,674,201,2013,2013-06-01,여름
174,이륜차,7,949,41,420,524,170,2013,2013-07-01,여름
175,이륜차,8,1012,46,422,573,186,2013,2013-08-01,여름
176,이륜차,9,941,32,399,551,178,2013,2013-09-01,가을
177,이륜차,10,1037,47,465,586,184,2013,2013-10-01,가을
178,이륜차,11,892,31,391,542,150,2013,2013-11-01,가을
179,이륜차,12,727,32,296,379,131,2013,2013-12-01,겨울
180,원동기장치자전거,1,278,14,107,163,46,2013,2013-01-01,겨울
181,원동기장치자전거,2,280,9,109,167,46,2013,2013-02-01,겨울
182,원동기장치자전거,3,413,11,177,251,68,2013,2013-03-01,봄
183,원동기장치자전거,4,424,9,197,231,59,2013,2013-04-01,봄
184,원동기장치자전거,5,605,29,282,333,84,2013,2013-05-01,봄
185,원동기장치자전거,6,606,22,253,360,102,2013,2013-06-01,여름
186,원동기장치자전거,7,551,22,264,325,81,2013,2013-07-01,여름
187,원동기장치자전거,8,648,29,273,386,110,2013,2013-08-01,여름
188,원동기장치자전거,9,581,21,252,319,96,2013,2013-09-01,가을
189,원동기장치자전거,10,622,24,269,357,111,2013,2013-10-01,가을
190,원동기장치자전거,11,540,16,220,322,95,2013,2013-11-01,가을
191,원동기장치자전거,12,400,7,155,206,94,2013,2013-12-01,겨울
192,자전거,1,81,4,30,30,18,2013,2013-01-01,겨울
193,자전거,2,102,2,28,59,21,2013,2013-02-01,겨울
194,자전거,3,237,8,90,107,47,2013,2013-03-01,봄
195,자전거,4,352,3,116,156,104,2013,2013-04-01,봄
196,자전거,5,534,8,198,250,125,2013,2013-05-01,봄
197,자전거,6,559,15,192,289,127,2013,2013-06-01,여름
198,자전거,7,393,9,133,188,90,2013,2013-07-01,여름
199,자전거,8,497,13,182,226,118,2013,2013-08-01,여름
200,자전거,9,498,9,176,241,108,2013,2013-09-01,가을
201,자전거,10,509,17,163,243,119,2013,2013-10-01,가을
202,자전거,11,317,6,128,139,64,2013,2013-11-01,가을
203,자전거,12,170,7,54,74,39,2013,2013-12-01,겨울
204,건설기계,1,136,5,87,133,5,2013,2013-01-01,겨울
205,건설기계,2,102,3,66,100,3,2013,2013-02-01,겨울
206,건설기계,3,174,10,115,178,7,2013,2013-03-01,봄
207,건설기계,4,168,10,81,195,14,2013,2013-04-01,봄
208,건설기계,5,199,11,138,216,16,2013,2013-05-01,봄
209,건설기계,6,185,11,107,195,13,2013,2013-06-01,여름
210,건설기계,7,158,11,86,163,10,2013,2013-07-01,여름
211,건설기계,8,182,9,82,169,15,2013,2013-08-01,여름
212,건설기계,9,137,8,74,147,6,2013,2013-09-01,가을
213,건설기계,10,181,13,94,221,12,2013,2013-10-01,가을
214,건설기계,11,168,14,90,155,4,2013,2013-11-01,가을
215,건설기계,12,165,9,96,186,7,2013,2013-12-01,겨울
216,농기계,1,9,4,3,5,0,2013,2013-01-01,겨울
217,농기계,2,12,1,5,7,0,2013,2013-02-01,겨울
218,농기계,3,38,12,10,18,6,2013,2013-03-01,봄
219,농기계,4,33,5,8,28,2,2013,2013-04-01,봄
220,농기계,5,41,9,14,18,5,2013,2013-05-01,봄
221,농기계,6,57,17,28,24,5,2013,2013-06-01,여름
222,농기계,7,44,5,22,15,5,2013,2013-07-01,여름
223,농기계,8,56,8,25,36,8,2013,2013-08-01,여름
224,농기계,9,52,14,18,29,5,2013,2013-09-01,가을
225,농기계,10,67,13,25,32,4,2013,2013-10-01,가을
226,농기계,11,39,9,16,17,5,2013,2013-11-01,가을
227,농기계,12,15,2,8,8,1,2013,2013-12-01,겨울
228,기타,1,281,0,70,210,49,2013,2013-01-01,겨울
229,기타,2,236,1,56,171,45,2013,2013-02-01,겨울
230,기타,3,285,1,76,203,36,2013,2013-03-01,봄
231,기타,4,289,1,65,204,51,2013,2013-04-01,봄
232,기타,5,377,1,96,266,59,2013,2013-05-01,봄
233,기타,6,329,1,76,233,48,2013,2013-06-01,여름
234,기타,7,299,1,70,207,47,2013,2013-07-01,여름
235,기타,8,313,1,82,224,57,2013,2013-08-01,여름
236,기타,9,294,0,73,206,47,2013,2013-09-01,가을
237,기타,10,346,4,88,271,57,2013,2013-10-01,가을
238,기타,11,376,2,87,262,60,2013,2013-11-01,가을
239,기타,12,365,1,109,271,50,2013,2013-12-01,겨울
240,승용차,1,10998,216,4641,11877,722,2014,2014-01-01,겨울
241,승용차,2,9753,169,4064,10583,664,2014,2014-02-01,겨울
242,승용차,3,12517,200,4969,13487,893,2014,2014-03-01,봄
243,승용차,4,12212,170,4875,12919,876,2014,2014-04-01,봄
244,승용차,5,13147,176,5436,13950,1093,2014,2014-05-01,봄
245,승용차,6,11933,170,4876,12814,926,2014,2014-06-01,여름
246,승용차,7,12788,201,5220,13675,1049,2014,2014-07-01,여름
247,승용차,8,12922,178,5290,14684,1060,2014,2014-08-01,여름
248,승용차,9,12373,193,4984,13442,1068,2014,2014-09-01,가을
249,승용차,10,13470,235,5502,14130,1028,2014,2014-10-01,가을
250,승용차,11,13116,241,5121,13854,1034,2014,2014-11-01,가을
251,승용차,12,12841,231,4852,13770,1083,2014,2014-12-01,겨울
252,승합차,1,1165,34,596,1188,111,2014,2014-01-01,겨울
253,승합차,2,1029,21,561,1109,94,2014,2014-02-01,겨울
254,승합차,3,1317,38,690,1385,133,2014,2014-03-01,봄
255,승합차,4,1277,33,687,1301,140,2014,2014-04-01,봄
256,승합차,5,1329,29,685,1522,177,2014,2014-05-01,봄
257,승합차,6,1236,19,613,1323,149,2014,2014-06-01,여름
258,승합차,7,1363,33,694,1433,128,2014,2014-07-01,여름
259,승합차,8,1315,29,637,1402,131,2014,2014-08-01,여름
260,승합차,9,1382,30,759,1433,116,2014,2014-09-01,가을
261,승합차,10,1422,28,769,1682,173,2014,2014-10-01,가을
262,승합차,11,1399,28,638,1463,109,2014,2014-11-01,가을
263,승합차,12,1389,34,639,1444,145,2014,2014-12-01,겨울
264,화물차,1,2076,93,1005,2106,119,2014,2014-01-01,겨울
265,화물차,2,1717,68,777,1704,121,2014,2014-02-01,겨울
266,화물차,3,2245,57,1092,2166,128,2014,2014-03-01,봄
267,화물차,4,2341,72,1120,2182,132,2014,2014-04-01,봄
268,화물차,5,2527,89,1215,2499,174,2014,2014-05-01,봄
269,화물차,6,2315,73,1076,2260,156,2014,2014-06-01,여름
270,화물차,7,2358,85,1151,2373,161,2014,2014-07-01,여름
271,화물차,8,2407,83,1167,2578,180,2014,2014-08-01,여름
272,화물차,9,2391,108,1143,2321,148,2014,2014-09-01,가을
273,화물차,10,2735,115,1347,2632,200,2014,2014-10-01,가을
274,화물차,11,2634,131,1224,2696,199,2014,2014-11-01,가을
275,화물차,12,2504,99,1117,2555,194,2014,2014-12-01,겨울
276,특수차,1,69,8,28,81,2,2014,2014-01-01,겨울
277,특수차,2,51,4,29,48,1,2014,2014-02-01,겨울
278,특수차,3,54,3,23,45,7,2014,2014-03-01,봄
279,특수차,4,78,5,42,81,7,2014,2014-04-01,봄
280,특수차,5,83,8,46,72,4,2014,2014-05-01,봄
281,특수차,6,78,2,36,77,3,2014,2014-06-01,여름
282,특수차,7,84,3,41,85,12,2014,2014-07-01,여름
283,특수차,8,72,2,36,74,2,2014,2014-08-01,여름
284,특수차,9,74,8,40,98,2,2014,2014-09-01,가을
285,특수차,10,86,8,34,109,2,2014,2014-10-01,가을
286,특수차,11,73,2,36,66,4,2014,2014-11-01,가을
287,특수차,12,77,3,26,86,4,2014,2014-12-01,겨울
288,이륜차,1,630,19,249,363,111,2014,2014-01-01,겨울
289,이륜차,2,639,31,253,363,113,2014,2014-02-01,겨울
290,이륜차,3,943,28,379,608,150,2014,2014-03-01,봄
291,이륜차,4,962,26,378,593,171,2014,2014-04-01,봄
292,이륜차,5,1241,44,487,739,234,2014,2014-05-01,봄
293,이륜차,6,1108,36,456,648,231,2014,2014-06-01,여름
294,이륜차,7,1159,34,466,699,223,2014,2014-07-01,여름
295,이륜차,8,1066,23,422,630,236,2014,2014-08-01,여름
296,이륜차,9,1083,52,447,592,232,2014,2014-09-01,가을
297,이륜차,10,1144,43,462,648,240,2014,2014-10-01,가을
298,이륜차,11,1040,32,406,606,205,2014,2014-11-01,가을
299,이륜차,12,743,24,269,426,164,2014,2014-12-01,겨울
300,원동기장치자전거,1,389,9,174,217,61,2014,2014-01-01,겨울
301,원동기장치자전거,2,334,17,106,218,69,2014,2014-02-01,겨울
302,원동기장치자전거,3,472,15,176,277,81,2014,2014-03-01,봄
303,원동기장치자전거,4,528,14,214,298,101,2014,2014-04-01,봄
304,원동기장치자전거,5,647,17,258,389,111,2014,2014-05-01,봄
305,원동기장치자전거,6,618,29,230,354,109,2014,2014-06-01,여름
306,원동기장치자전거,7,701,28,284,358,150,2014,2014-07-01,여름
307,원동기장치자전거,8,665,20,256,376,132,2014,2014-08-01,여름
308,원동기장치자전거,9,681,25,265,400,119,2014,2014-09-01,가을
309,원동기장치자전거,10,665,20,245,387,147,2014,2014-10-01,가을
310,원동기장치자전거,11,541,18,200,315,114,2014,2014-11-01,가을
311,원동기장치자전거,12,414,9,135,237,101,2014,2014-12-01,겨울
312,자전거,1,174,4,62,82,37,2014,2014-01-01,겨울
313,자전거,2,191,3,65,91,35,2014,2014-02-01,겨울
314,자전거,3,345,6,114,164,85,2014,2014-03-01,봄
315,자전거,4,514,7,176,248,116,2014,2014-04-01,봄
316,자전거,5,706,12,239,355,163,2014,2014-05-01,봄
317,자전거,6,684,12,224,310,186,2014,2014-06-01,여름
318,자전거,7,681,10,216,347,168,2014,2014-07-01,여름
319,자전거,8,641,4,230,293,165,2014,2014-08-01,여름
320,자전거,9,723,10,241,337,192,2014,2014-09-01,가을
321,자전거,10,632,9,227,310,144,2014,2014-10-01,가을
322,자전거,11,466,9,158,209,120,2014,2014-11-01,가을
323,자전거,12,218,7,57,98,64,2014,2014-12-01,겨울
324,건설기계,1,120,1,62,122,5,2014,2014-01-01,겨울
325,건설기계,2,109,8,62,92,14,2014,2014-02-01,겨울
326,건설기계,3,146,9,66,131,3,2014,2014-03-01,봄
327,건설기계,4,194,10,95,190,10,2014,2014-04-01,봄
328,건설기계,5,202,8,123,224,10,2014,2014-05-01,봄
329,건설기계,6,187,16,79,197,14,2014,2014-06-01,여름
330,건설기계,7,150,5,96,136,25,2014,2014-07-01,여름
331,건설기계,8,123,12,61,139,10,2014,2014-08-01,여름
332,건설기계,9,181,10,94,179,7,2014,2014-09-01,가을
333,건설기계,10,203,4,112,208,9,2014,2014-10-01,가을
334,건설기계,11,215,10,103,205,11,2014,2014-11-01,가을
335,건설기계,12,195,11,104,188,27,2014,2014-12-01,겨울
336,농기계,1,19,4,6,10,1,2014,2014-01-01,겨울
337,농기계,2,15,3,5,9,3,2014,2014-02-01,겨울
338,농기계,3,27,2,12,23,4,2014,2014-03-01,봄
339,농기계,4,34,4,18,16,4,2014,2014-04-01,봄
340,농기계,5,82,14,35,39,11,2014,2014-05-01,봄
341,농기계,6,49,10,31,17,3,2014,2014-06-01,여름
342,농기계,7,31,6,11,19,2,2014,2014-07-01,여름
343,농기계,8,45,8,20,23,6,2014,2014-08-01,여름
344,농기계,9,31,6,17,13,2,2014,2014-09-01,가을
345,농기계,10,41,8,20,21,1,2014,2014-10-01,가을
346,농기계,11,37,5,16,16,3,2014,2014-11-01,가을
347,농기계,12,17,5,9,8,0,2014,2014-12-01,겨울
348,기타,1,265,1,63,183,44,2014,2014-01-01,겨울
349,기타,2,223,1,54,159,35,2014,2014-02-01,겨울
350,기타,3,354,0,88,267,68,2014,2014-03-01,봄
351,기타,4,303,0,66,208,59,2014,2014-04-01,봄
352,기타,5,350,1,77,242,75,2014,2014-05-01,봄
353,기타,6,322,0,90,203,49,2014,2014-06-01,여름
354,기타,7,334,2,80,227,67,2014,2014-07-01,여름
355,기타,8,347,0,84,241,68,2014,2014-08-01,여름
356,기타,9,324,3,68,226,67,2014,2014-09-01,가을
357,기타,10,362,0,86,247,77,2014,2014-10-01,가을
358,기타,11,351,0,79,244,71,2014,2014-11-01,가을
359,기타,12,354,4,80,254,66,2014,2014-12-01,겨울
360,승용차,1,11714,220,4658,12576,1087,2015,2015-01-01,겨울
361,승용차,2,10342,171,4254,11282,894,2015,2015-02-01,겨울
362,승용차,3,12643,193,4972,13366,1043,2015,2015-03-01,봄
363,승용차,4,12911,190,4924,14252,1029,2015,2015-04-01,봄
364,승용차,5,13327,192,5211,14518,1195,2015,2015-05-01,봄
365,승용차,6,12054,174,4580,12928,959,2015,2015-06-01,여름
366,승용차,7,13327,166,5152,14552,1207,2015,2015-07-01,여름
367,승용차,8,12910,190,5156,14358,1190,2015,2015-08-01,여름
368,승용차,9,13542,172,5223,14737,1223,2015,2015-09-01,가을
369,승용차,10,13951,232,5541,14904,1169,2015,2015-10-01,가을
370,승용차,11,14305,222,5397,15396,1189,2015,2015-11-01,가을
371,승용차,12,13069,207,4835,14155,1283,2015,2015-12-01,겨울
372,승합차,1,1251,40,582,1376,167,2015,2015-01-01,겨울
373,승합차,2,1058,19,513,1145,90,2015,2015-02-01,겨울
374,승합차,3,1261,25,564,1412,122,2015,2015-03-01,봄
375,승합차,4,1332,33,695,1439,170,2015,2015-04-01,봄
376,승합차,5,1321,40,681,1488,146,2015,2015-05-01,봄
377,승합차,6,1132,18,520,1171,92,2015,2015-06-01,여름
378,승합차,7,1242,22,633,1290,120,2015,2015-07-01,여름
379,승합차,8,1244,21,574,1354,170,2015,2015-08-01,여름
380,승합차,9,1356,37,603,1412,146,2015,2015-09-01,가을
381,승합차,10,1451,37,688,1550,138,2015,2015-10-01,가을
382,승합차,11,1466,27,632,1591,149,2015,2015-11-01,가을
383,승합차,12,1291,44,599,1274,142,2015,2015-12-01,겨울
384,화물차,1,2155,72,1059,2116,150,2015,2015-01-01,겨울
385,화물차,2,1881,60,902,1823,140,2015,2015-02-01,겨울
386,화물차,3,2384,84,1186,2337,168,2015,2015-03-01,봄
387,화물차,4,2390,70,1095,2376,173,2015,2015-04-01,봄
388,화물차,5,2514,75,1174,2575,169,2015,2015-05-01,봄
389,화물차,6,2381,95,1068,2322,167,2015,2015-06-01,여름
390,화물차,7,2410,80,1094,2364,187,2015,2015-07-01,여름
391,화물차,8,2429,90,1145,2555,180,2015,2015-08-01,여름
392,화물차,9,2531,72,1174,2588,184,2015,2015-09-01,가을
393,화물차,10,2816,108,1346,2836,196,2015,2015-10-01,가을
394,화물차,11,2724,96,1233,2765,206,2015,2015-11-01,가을
395,화물차,12,2513,94,1091,2518,185,2015,2015-12-01,겨울
396,특수차,1,65,4,34,51,8,2015,2015-01-01,겨울
397,특수차,2,56,2,32,50,3,2015,2015-02-01,겨울
398,특수차,3,59,4,32,52,9,2015,2015-03-01,봄
399,특수차,4,74,4,37,75,11,2015,2015-04-01,봄
400,특수차,5,81,1,38,89,5,2015,2015-05-01,봄
401,특수차,6,65,1,26,88,9,2015,2015-06-01,여름
402,특수차,7,75,1,28,66,5,2015,2015-07-01,여름
403,특수차,8,77,3,46,82,10,2015,2015-08-01,여름
404,특수차,9,84,10,28,82,9,2015,2015-09-01,가을
405,특수차,10,90,2,43,87,6,2015,2015-10-01,가을
406,특수차,11,92,4,37,92,8,2015,2015-11-01,가을
407,특수차,12,80,0,45,74,8,2015,2015-12-01,겨울
408,이륜차,1,695,21,258,394,157,2015,2015-01-01,겨울
409,이륜차,2,671,18,250,402,149,2015,2015-02-01,겨울
410,이륜차,3,915,32,333,571,185,2015,2015-03-01,봄
411,이륜차,4,1077,27,431,656,218,2015,2015-04-01,봄
412,이륜차,5,1279,33,479,858,260,2015,2015-05-01,봄
413,이륜차,6,1128,50,433,655,253,2015,2015-06-01,여름
414,이륜차,7,1276,45,457,709,314,2015,2015-07-01,여름
415,이륜차,8,1237,48,429,779,269,2015,2015-08-01,여름
416,이륜차,9,1196,35,424,743,278,2015,2015-09-01,가을
417,이륜차,10,1244,41,452,795,272,2015,2015-10-01,가을
418,이륜차,11,976,24,360,634,192,2015,2015-11-01,가을
419,이륜차,12,960,27,335,587,201,2015,2015-12-01,겨울
420,원동기장치자전거,1,435,12,182,235,76,2015,2015-01-01,겨울
421,원동기장치자전거,2,358,11,142,215,67,2015,2015-02-01,겨울
422,원동기장치자전거,3,493,19,181,284,101,2015,2015-03-01,봄
423,원동기장치자전거,4,541,12,191,331,106,2015,2015-04-01,봄
424,원동기장치자전거,5,625,22,268,351,122,2015,2015-05-01,봄
425,원동기장치자전거,6,613,23,236,372,133,2015,2015-06-01,여름
426,원동기장치자전거,7,599,18,226,386,107,2015,2015-07-01,여름
427,원동기장치자전거,8,619,20,212,399,128,2015,2015-08-01,여름
428,원동기장치자전거,9,665,30,282,361,133,2015,2015-09-01,가을
429,원동기장치자전거,10,652,17,248,407,140,2015,2015-10-01,가을
430,원동기장치자전거,11,524,19,175,311,112,2015,2015-11-01,가을
431,원동기장치자전거,12,465,12,160,313,83,2015,2015-12-01,겨울
432,자전거,1,203,3,74,81,51,2015,2015-01-01,겨울
433,자전거,2,208,8,59,102,48,2015,2015-02-01,겨울
434,자전거,3,391,7,120,182,106,2015,2015-03-01,봄
435,자전거,4,569,8,172,289,143,2015,2015-04-01,봄
436,자전거,5,824,11,263,411,219,2015,2015-05-01,봄
437,자전거,6,778,14,273,371,178,2015,2015-06-01,여름
438,자전거,7,840,9,263,413,223,2015,2015-07-01,여름
439,자전거,8,805,17,234,404,233,2015,2015-08-01,여름
440,자전거,9,833,12,236,409,235,2015,2015-09-01,가을
441,자전거,10,724,10,211,355,202,2015,2015-10-01,가을
442,자전거,11,453,6,134,212,125,2015,2015-11-01,가을
443,자전거,12,292,2,82,147,73,2015,2015-12-01,겨울
444,건설기계,1,133,5,79,146,16,2015,2015-01-01,겨울
445,건설기계,2,133,6,64,106,5,2015,2015-02-01,겨울
446,건설기계,3,179,9,97,158,17,2015,2015-03-01,봄
447,건설기계,4,202,7,79,207,9,2015,2015-04-01,봄
448,건설기계,5,221,7,121,212,20,2015,2015-05-01,봄
449,건설기계,6,197,10,96,187,12,2015,2015-06-01,여름
450,건설기계,7,177,7,82,164,11,2015,2015-07-01,여름
451,건설기계,8,225,10,117,217,22,2015,2015-08-01,여름
452,건설기계,9,215,8,104,215,11,2015,2015-09-01,가을
453,건설기계,10,257,14,124,263,14,2015,2015-10-01,가을
454,건설기계,11,197,7,85,235,22,2015,2015-11-01,가을
455,건설기계,12,217,13,101,186,13,2015,2015-12-01,겨울
456,농기계,1,8,4,0,3,1,2015,2015-01-01,겨울
457,농기계,2,15,1,8,10,1,2015,2015-02-01,겨울
458,농기계,3,33,5,20,18,1,2015,2015-03-01,봄
459,농기계,4,45,2,23,26,7,2015,2015-04-01,봄
460,농기계,5,75,8,33,41,15,2015,2015-05-01,봄
461,농기계,6,54,5,32,27,4,2015,2015-06-01,여름
462,농기계,7,49,10,17,26,7,2015,2015-07-01,여름
463,농기계,8,47,6,23,19,6,2015,2015-08-01,여름
464,농기계,9,62,10,28,33,5,2015,2015-09-01,가을
465,농기계,10,53,8,19,38,3,2015,2015-10-01,가을
466,농기계,11,35,4,16,18,7,2015,2015-11-01,가을
467,농기계,12,24,2,13,10,5,2015,2015-12-01,겨울
468,기타,1,243,0,54,168,48,2015,2015-01-01,겨울
469,기타,2,217,0,44,159,40,2015,2015-02-01,겨울
470,기타,3,258,0,45,191,48,2015,2015-03-01,봄
471,기타,4,245,1,70,149,48,2015,2015-04-01,봄
472,기타,5,276,0,56,184,62,2015,2015-05-01,봄
473,기타,6,247,0,48,179,50,2015,2015-06-01,여름
474,기타,7,283,1,55,183,68,2015,2015-07-01,여름
475,기타,8,271,0,55,184,68,2015,2015-08-01,여름
476,기타,9,327,1,52,228,70,2015,2015-09-01,가을
477,기타,10,349,1,59,221,109,2015,2015-10-01,가을
478,기타,11,398,1,91,271,78,2015,2015-11-01,가을
479,기타,12,379,1,67,251,101,2015,2015-12-01,겨울
480,승용차,1,11820,175,4461,13196,976,2016,2016-01-01,겨울
481,승용차,2,10931,156,4023,12311,1009,2016,2016-02-01,겨울
482,승용차,3,12183,158,4474,13153,1061,2016,2016-03-01,봄
483,승용차,4,13102,170,4838,14332,1124,2016,2016-04-01,봄
484,승용차,5,12806,149,4713,13878,1107,2016,2016-05-01,봄
485,승용차,6,11561,156,4239,12485,976,2016,2016-06-01,여름
486,승용차,7,12321,165,4332,13780,1137,2016,2016-07-01,여름
487,승용차,8,11972,162,4398,13356,1083,2016,2016-08-01,여름
488,승용차,9,11837,182,4210,13201,1044,2016,2016-09-01,가을
489,승용차,10,13107,216,4741,14265,1131,2016,2016-10-01,가을
490,승용차,11,12904,203,4611,13971,1057,2016,2016-11-01,가을
491,승용차,12,13148,225,4650,14339,1115,2016,2016-12-01,겨울
492,승합차,1,1180,30,561,1313,157,2016,2016-01-01,겨울
493,승합차,2,997,22,447,1014,99,2016,2016-02-01,겨울
494,승합차,3,1189,21,510,1178,143,2016,2016-03-01,봄
495,승합차,4,1252,20,609,1358,136,2016,2016-04-01,봄
496,승합차,5,1258,26,536,1351,148,2016,2016-05-01,봄
497,승합차,6,1166,14,498,1333,146,2016,2016-06-01,여름
498,승합차,7,1197,22,508,1340,122,2016,2016-07-01,여름
499,승합차,8,1126,22,497,1305,156,2016,2016-08-01,여름
500,승합차,9,1107,26,428,1150,97,2016,2016-09-01,가을
501,승합차,10,1277,36,560,1357,161,2016,2016-10-01,가을
502,승합차,11,1218,21,542,1308,115,2016,2016-11-01,가을
503,승합차,12,1142,23,479,1208,205,2016,2016-12-01,겨울
504,화물차,1,2098,74,968,2149,149,2016,2016-01-01,겨울
505,화물차,2,1887,69,853,1949,130,2016,2016-02-01,겨울
506,화물차,3,2106,58,888,2094,172,2016,2016-03-01,봄
507,화물차,4,2249,79,1011,2274,149,2016,2016-04-01,봄
508,화물차,5,2304,80,1081,2395,164,2016,2016-05-01,봄
509,화물차,6,2224,76,954,2218,196,2016,2016-06-01,여름
510,화물차,7,2285,79,1051,2316,173,2016,2016-07-01,여름
511,화물차,8,2254,73,1013,2318,183,2016,2016-08-01,여름
512,화물차,9,2051,68,907,2021,182,2016,2016-09-01,가을
513,화물차,10,2416,106,1055,2443,194,2016,2016-10-01,가을
514,화물차,11,2472,99,1095,2500,174,2016,2016-11-01,가을
515,화물차,12,2230,91,929,2266,180,2016,2016-12-01,겨울
516,특수차,1,86,3,46,82,10,2016,2016-01-01,겨울
517,특수차,2,70,4,33,52,10,2016,2016-02-01,겨울
518,특수차,3,81,2,34,74,14,2016,2016-03-01,봄
519,특수차,4,70,4,37,58,5,2016,2016-04-01,봄
520,특수차,5,86,2,34,90,7,2016,2016-05-01,봄
521,특수차,6,69,7,44,70,25,2016,2016-06-01,여름
522,특수차,7,73,0,22,83,6,2016,2016-07-01,여름
523,특수차,8,89,5,42,88,3,2016,2016-08-01,여름
524,특수차,9,85,4,27,104,8,2016,2016-09-01,가을
525,특수차,10,82,4,41,76,9,2016,2016-10-01,가을
526,특수차,11,81,3,28,96,6,2016,2016-11-01,가을
527,특수차,12,79,6,34,82,3,2016,2016-12-01,겨울
528,이륜차,1,802,26,248,528,183,2016,2016-01-01,겨울
529,이륜차,2,765,14,259,486,151,2016,2016-02-01,겨울
530,이륜차,3,1011,33,353,643,192,2016,2016-03-01,봄
531,이륜차,4,1156,52,411,746,228,2016,2016-04-01,봄
532,이륜차,5,1195,41,464,753,215,2016,2016-05-01,봄
533,이륜차,6,1206,36,442,785,241,2016,2016-06-01,여름
534,이륜차,7,1293,39,470,852,254,2016,2016-07-01,여름
535,이륜차,8,1208,35,415,858,213,2016,2016-08-01,여름
536,이륜차,9,1116,42,367,787,230,2016,2016-09-01,가을
537,이륜차,10,1240,38,472,779,250,2016,2016-10-01,가을
538,이륜차,11,1116,41,393,729,219,2016,2016-11-01,가을
539,이륜차,12,968,31,323,633,201,2016,2016-12-01,겨울
540,원동기장치자전거,1,369,20,127,231,69,2016,2016-01-01,겨울
541,원동기장치자전거,2,351,13,129,221,58,2016,2016-02-01,겨울
542,원동기장치자전거,3,439,11,155,309,81,2016,2016-03-01,봄
543,원동기장치자전거,4,512,13,196,329,82,2016,2016-04-01,봄
544,원동기장치자전거,5,622,21,242,379,121,2016,2016-05-01,봄
545,원동기장치자전거,6,495,12,169,305,93,2016,2016-06-01,여름
546,원동기장치자전거,7,578,20,204,366,123,2016,2016-07-01,여름
547,원동기장치자전거,8,571,17,188,385,118,2016,2016-08-01,여름
548,원동기장치자전거,9,495,16,179,318,79,2016,2016-09-01,가을
549,원동기장치자전거,10,574,15,242,341,90,2016,2016-10-01,가을
550,원동기장치자전거,11,472,15,180,307,77,2016,2016-11-01,가을
551,원동기장치자전거,12,428,13,147,281,70,2016,2016-12-01,겨울
552,자전거,1,237,4,67,111,68,2016,2016-01-01,겨울
553,자전거,2,218,1,64,107,54,2016,2016-02-01,겨울
554,자전거,3,402,8,123,184,109,2016,2016-03-01,봄
555,자전거,4,570,6,188,296,135,2016,2016-04-01,봄
556,자전거,5,656,12,184,332,172,2016,2016-05-01,봄
557,자전거,6,697,6,199,378,171,2016,2016-06-01,여름
558,자전거,7,606,15,181,314,153,2016,2016-07-01,여름
559,자전거,8,620,9,190,326,153,2016,2016-08-01,여름
560,자전거,9,668,21,218,349,173,2016,2016-09-01,가을
561,자전거,10,587,9,155,293,161,2016,2016-10-01,가을
562,자전거,11,388,14,113,191,92,2016,2016-11-01,가을
563,자전거,12,287,8,84,137,67,2016,2016-12-01,겨울
564,건설기계,1,174,4,62,203,10,2016,2016-01-01,겨울
565,건설기계,2,148,8,62,173,3,2016,2016-02-01,겨울
566,건설기계,3,206,14,84,207,20,2016,2016-03-01,봄
567,건설기계,4,189,2,74,179,24,2016,2016-04-01,봄
568,건설기계,5,231,9,100,236,44,2016,2016-05-01,봄
569,건설기계,6,199,4,87,205,8,2016,2016-06-01,여름
570,건설기계,7,209,7,87,256,12,2016,2016-07-01,여름
571,건설기계,8,223,5,83,236,32,2016,2016-08-01,여름
572,건설기계,9,179,10,85,186,25,2016,2016-09-01,가을
573,건설기계,10,243,7,97,267,19,2016,2016-10-01,가을
574,건설기계,11,246,16,91,248,13,2016,2016-11-01,가을
575,건설기계,12,235,8,92,260,16,2016,2016-12-01,겨울
576,농기계,1,13,0,6,10,1,2016,2016-01-01,겨울
577,농기계,2,14,4,4,9,1,2016,2016-02-01,겨울
578,농기계,3,29,5,5,23,4,2016,2016-03-01,봄
579,농기계,4,45,7,18,23,9,2016,2016-04-01,봄
580,농기계,5,64,7,27,40,3,2016,2016-05-01,봄
581,농기계,6,55,10,21,30,6,2016,2016-06-01,여름
582,농기계,7,52,11,26,24,20,2016,2016-07-01,여름
583,농기계,8,48,8,18,27,5,2016,2016-08-01,여름
584,농기계,9,28,6,18,18,4,2016,2016-09-01,가을
585,농기계,10,43,9,14,27,4,2016,2016-10-01,가을
586,농기계,11,35,4,17,21,0,2016,2016-11-01,가을
587,농기계,12,17,2,3,19,1,2016,2016-12-01,겨울
588,기타,1,288,0,57,207,67,2016,2016-01-01,겨울
589,기타,2,283,1,58,191,61,2016,2016-02-01,겨울
590,기타,3,300,0,55,194,73,2016,2016-03-01,봄
591,기타,4,307,0,42,220,85,2016,2016-04-01,봄
592,기타,5,332,0,63,213,80,2016,2016-05-01,봄
593,기타,6,305,0,65,201,78,2016,2016-06-01,여름
594,기타,7,341,0,60,246,68,2016,2016-07-01,여름
595,기타,8,287,0,48,209,71,2016,2016-08-01,여름
596,기타,9,317,0,52,210,84,2016,2016-09-01,가을
597,기타,10,349,0,58,258,75,2016,2016-10-01,가을
598,기타,11,302,0,41,212,73,2016,2016-11-01,가을
599,기타,12,335,1,50,246,72,2016,2016-12-01,겨울
600,승용차,1,12032,207,4265,13640,1060,2017,2017-01-01,겨울
601,승용차,2,10415,152,3689,11519,824,2017,2017-02-01,겨울
602,승용차,3,11402,139,4048,12343,877,2017,2017-03-01,봄
603,승용차,4,11707,147,4151,12928,982,2017,2017-04-01,봄
604,승용차,5,11804,147,4333,12828,986,2017,2017-05-01,봄
605,승용차,6,11472,136,4108,12422,893,2017,2017-06-01,여름
606,승용차,7,11873,162,4069,13543,1015,2017,2017-07-01,여름
607,승용차,8,12278,154,4285,13830,1014,2017,2017-08-01,여름
608,승용차,9,12546,209,4264,13694,1092,2017,2017-09-01,가을
609,승용차,10,12219,198,4532,13668,964,2017,2017-10-01,가을
610,승용차,11,12638,195,4237,14032,985,2017,2017-11-01,가을
611,승용차,12,12655,202,4280,13941,1017,2017,2017-12-01,겨울
612,승합차,1,1051,32,467,1178,128,2017,2017-01-01,겨울
613,승합차,2,917,19,365,1007,158,2017,2017-02-01,겨울
614,승합차,3,1078,14,484,1085,132,2017,2017-03-01,봄
615,승합차,4,1107,10,515,1252,172,2017,2017-04-01,봄
616,승합차,5,1139,28,529,1212,142,2017,2017-05-01,봄
617,승합차,6,1138,21,483,1194,143,2017,2017-06-01,여름
618,승합차,7,1086,29,483,1180,125,2017,2017-07-01,여름
619,승합차,8,1064,22,478,1212,95,2017,2017-08-01,여름
620,승합차,9,1285,33,564,1419,174,2017,2017-09-01,가을
621,승합차,10,1208,28,545,1464,164,2017,2017-10-01,가을
622,승합차,11,1214,33,503,1250,134,2017,2017-11-01,가을
623,승합차,12,1139,17,459,1182,161,2017,2017-12-01,겨울
624,화물차,1,1994,70,871,2053,152,2017,2017-01-01,겨울
625,화물차,2,1707,64,707,1800,94,2017,2017-02-01,겨울
626,화물차,3,2053,80,894,1973,125,2017,2017-03-01,봄
627,화물차,4,2216,60,994,2241,142,2017,2017-04-01,봄
628,화물차,5,2399,99,1017,2323,133,2017,2017-05-01,봄
629,화물차,6,2319,66,980,2368,153,2017,2017-06-01,여름
630,화물차,7,2260,88,888,2359,151,2017,2017-07-01,여름
631,화물차,8,2365,77,987,2490,174,2017,2017-08-01,여름
632,화물차,9,2659,85,1097,2732,195,2017,2017-09-01,가을
633,화물차,10,2365,99,996,2496,195,2017,2017-10-01,가을
634,화물차,11,2662,89,1129,2592,172,2017,2017-11-01,가을
635,화물차,12,2342,84,897,2425,162,2017,2017-12-01,겨울
636,특수차,1,52,2,28,51,7,2017,2017-01-01,겨울
637,특수차,2,48,2,21,64,4,2017,2017-02-01,겨울
638,특수차,3,59,3,28,70,4,2017,2017-03-01,봄
639,특수차,4,77,1,35,73,6,2017,2017-04-01,봄
640,특수차,5,83,3,47,75,9,2017,2017-05-01,봄
641,특수차,6,100,3,41,130,3,2017,2017-06-01,여름
642,특수차,7,103,3,40,112,6,2017,2017-07-01,여름
643,특수차,8,111,5,41,121,4,2017,2017-08-01,여름
644,특수차,9,122,3,57,155,8,2017,2017-09-01,가을
645,특수차,10,90,0,48,84,12,2017,2017-10-01,가을
646,특수차,11,105,2,39,114,6,2017,2017-11-01,가을
647,특수차,12,104,2,37,108,4,2017,2017-12-01,겨울
648,이륜차,1,698,19,234,458,153,2017,2017-01-01,겨울
649,이륜차,2,686,15,250,454,133,2017,2017-02-01,겨울
650,이륜차,3,994,29,371,677,189,2017,2017-03-01,봄
651,이륜차,4,1025,35,358,665,210,2017,2017-04-01,봄
652,이륜차,5,1350,45,455,940,255,2017,2017-05-01,봄
653,이륜차,6,1314,50,444,888,252,2017,2017-06-01,여름
654,이륜차,7,1325,28,442,908,272,2017,2017-07-01,여름
655,이륜차,8,1296,36,447,875,248,2017,2017-08-01,여름
656,이륜차,9,1447,44,563,1003,249,2017,2017-09-01,가을
657,이륜차,10,1369,55,504,895,262,2017,2017-10-01,가을
658,이륜차,11,1274,25,451,846,242,2017,2017-11-01,가을
659,이륜차,12,952,25,313,623,191,2017,2017-12-01,겨울
660,사륜오토바이(ATV),1,15,0,6,9,2,2017,2017-01-01,겨울
661,사륜오토바이(ATV),2,27,3,12,13,2,2017,2017-02-01,겨울
662,사륜오토바이(ATV),3,33,2,12,21,4,2017,2017-03-01,봄
663,사륜오토바이(ATV),4,31,5,14,11,6,2017,2017-04-01,봄
664,사륜오토바이(ATV),5,30,5,11,16,1,2017,2017-05-01,봄
665,사륜오토바이(ATV),6,32,7,14,13,0,2017,2017-06-01,여름
666,사륜오토바이(ATV),7,32,3,15,22,3,2017,2017-07-01,여름
667,사륜오토바이(ATV),8,37,4,15,23,8,2017,2017-08-01,여름
668,사륜오토바이(ATV),9,38,4,17,21,3,2017,2017-09-01,가을
669,사륜오토바이(ATV),10,26,2,11,10,8,2017,2017-10-01,가을
670,사륜오토바이(ATV),11,36,0,14,20,2,2017,2017-11-01,가을
671,사륜오토바이(ATV),12,17,2,8,7,2,2017,2017-12-01,겨울
672,원동기장치자전거,1,343,8,121,219,63,2017,2017-01-01,겨울
673,원동기장치자전거,2,341,11,101,253,52,2017,2017-02-01,겨울
674,원동기장치자전거,3,444,13,164,298,69,2017,2017-03-01,봄
675,원동기장치자전거,4,440,13,158,289,82,2017,2017-04-01,봄
676,원동기장치자전거,5,369,8,125,228,77,2017,2017-05-01,봄
677,원동기장치자전거,6,341,10,102,227,63,2017,2017-06-01,여름
678,원동기장치자전거,7,335,8,108,217,72,2017,2017-07-01,여름
679,원동기장치자전거,8,331,11,125,217,58,2017,2017-08-01,여름
680,원동기장치자전거,9,380,11,147,244,68,2017,2017-09-01,가을
681,원동기장치자전거,10,308,10,110,229,57,2017,2017-10-01,가을
682,원동기장치자전거,11,301,8,113,220,44,2017,2017-11-01,가을
683,원동기장치자전거,12,224,10,75,145,46,2017,2017-12-01,겨울
684,자전거,1,249,8,83,112,55,2017,2017-01-01,겨울
685,자전거,2,244,4,74,129,51,2017,2017-02-01,겨울
686,자전거,3,406,9,115,205,100,2017,2017-03-01,봄
687,자전거,4,485,8,152,258,96,2017,2017-04-01,봄
688,자전거,5,618,16,188,308,157,2017,2017-05-01,봄
689,자전거,6,673,8,215,344,158,2017,2017-06-01,여름
690,자전거,7,554,16,192,281,119,2017,2017-07-01,여름
691,자전거,8,539,21,158,282,124,2017,2017-08-01,여름
692,자전거,9,667,15,203,350,145,2017,2017-09-01,가을
693,자전거,10,585,7,183,301,137,2017,2017-10-01,가을
694,자전거,11,439,9,125,216,112,2017,2017-11-01,가을
695,자전거,12,200,5,57,105,42,2017,2017-12-01,겨울
696,개인형이동수단(PM),2,2,0,1,1,0,2017,2017-02-01,겨울
697,개인형이동수단(PM),3,4,0,1,2,1,2017,2017-03-01,봄
698,개인형이동수단(PM),4,4,0,0,5,0,2017,2017-04-01,봄
699,개인형이동수단(PM),5,15,0,9,6,1,2017,2017-05-01,봄
700,개인형이동수단(PM),6,7,1,2,4,2,2017,2017-06-01,여름
701,개인형이동수단(PM),7,13,1,3,8,3,2017,2017-07-01,여름
702,개인형이동수단(PM),8,17,1,4,11,2,2017,2017-08-01,여름
703,개인형이동수단(PM),9,15,0,3,9,4,2017,2017-09-01,가을
704,개인형이동수단(PM),10,18,0,5,14,1,2017,2017-10-01,가을
705,개인형이동수단(PM),11,18,1,7,9,2,2017,2017-11-01,가을
706,개인형이동수단(PM),12,4,0,0,2,2,2017,2017-12-01,겨울
707,건설기계,1,166,5,78,164,19,2017,2017-01-01,겨울
708,건설기계,2,170,10,68,157,13,2017,2017-02-01,겨울
709,건설기계,3,207,4,88,236,27,2017,2017-03-01,봄
710,건설기계,4,226,12,66,220,8,2017,2017-04-01,봄
711,건설기계,5,224,4,93,228,16,2017,2017-05-01,봄
712,건설기계,6,206,5,114,217,16,2017,2017-06-01,여름
713,건설기계,7,183,11,78,204,10,2017,2017-07-01,여름
714,건설기계,8,206,12,81,240,8,2017,2017-08-01,여름
715,건설기계,9,265,7,108,255,16,2017,2017-09-01,가을
716,건설기계,10,200,9,70,202,8,2017,2017-10-01,가을
717,건설기계,11,250,11,126,222,16,2017,2017-11-01,가을
718,건설기계,12,173,6,67,186,12,2017,2017-12-01,겨울
719,농기계,1,18,2,9,13,0,2017,2017-01-01,겨울
720,농기계,2,14,0,10,9,1,2017,2017-02-01,겨울
721,농기계,3,25,2,12,16,1,2017,2017-03-01,봄
722,농기계,4,34,2,14,21,2,2017,2017-04-01,봄
723,농기계,5,79,11,24,59,5,2017,2017-05-01,봄
724,농기계,6,45,8,14,27,2,2017,2017-06-01,여름
725,농기계,7,34,7,13,16,4,2017,2017-07-01,여름
726,농기계,8,44,8,18,25,5,2017,2017-08-01,여름
727,농기계,9,48,7,15,26,7,2017,2017-09-01,가을
728,농기계,10,60,11,23,41,2,2017,2017-10-01,가을
729,농기계,11,39,6,22,24,1,2017,2017-11-01,가을
730,농기계,12,10,1,3,7,0,2017,2017-12-01,겨울
731,기타,1,13,0,4,7,3,2017,2017-01-01,겨울
732,기타,2,7,0,4,1,2,2017,2017-02-01,겨울
733,기타,3,11,0,2,6,4,2017,2017-03-01,봄
734,기타,4,15,0,4,15,3,2017,2017-04-01,봄
735,기타,5,20,0,4,16,6,2017,2017-05-01,봄
736,기타,6,13,0,2,8,3,2017,2017-06-01,여름
737,기타,7,5,1,0,5,0,2017,2017-07-01,여름
738,기타,8,18,2,3,22,7,2017,2017-08-01,여름
739,기타,9,18,1,6,9,3,2017,2017-09-01,가을
740,기타,10,15,1,8,13,0,2017,2017-10-01,가을
741,기타,11,11,0,3,9,1,2017,2017-11-01,가을
742,기타,12,14,1,3,13,3,2017,2017-12-01,겨울
743,기타,1,339,0,53,255,79,2017,2017-01-01,겨울
744,기타,2,254,0,47,181,52,2017,2017-02-01,겨울
745,기타,3,331,0,49,225,88,2017,2017-03-01,봄
746,기타,4,350,0,49,260,73,2017,2017-04-01,봄
747,기타,5,372,0,49,254,103,2017,2017-05-01,봄
748,기타,6,387,0,59,245,101,2017,2017-06-01,여름
749,기타,7,355,0,56,250,90,2017,2017-07-01,여름
750,기타,8,376,0,71,260,94,2017,2017-08-01,여름
751,기타,9,401,0,71,273,102,2017,2017-09-01,가을
752,기타,10,400,0,49,283,104,2017,2017-10-01,가을
753,기타,11,390,0,72,270,90,2017,2017-11-01,가을
754,기타,12,415,0,65,307,87,2017,2017-12-01,겨울
755,승용차,1,11886,185,3947,13276,905,2018,2018-01-01,겨울
756,승용차,2,11305,153,3745,12937,926,2018,2018-02-01,겨울
757,승용차,3,11450,157,3825,12561,902,2018,2018-03-01,봄
758,승용차,4,11942,140,4051,13223,926,2018,2018-04-01,봄
759,승용차,5,12449,144,4271,13872,1000,2018,2018-05-01,봄
760,승용차,6,11746,119,3887,12996,931,2018,2018-06-01,여름
761,승용차,7,12425,137,4096,14148,1089,2018,2018-07-01,여름
762,승용차,8,12160,174,4066,13996,1016,2018,2018-08-01,여름
763,승용차,9,12151,155,4114,13857,976,2018,2018-09-01,가을
764,승용차,10,12839,168,4214,13996,987,2018,2018-10-01,가을
765,승용차,11,12558,138,4165,13814,956,2018,2018-11-01,가을
766,승용차,12,12327,167,3771,13755,1029,2018,2018-12-01,겨울
767,승합차,1,1077,21,433,1180,112,2018,2018-01-01,겨울
768,승합차,2,989,19,388,1123,128,2018,2018-02-01,겨울
769,승합차,3,1118,23,457,1102,126,2018,2018-03-01,봄
770,승합차,4,1149,22,416,1227,163,2018,2018-04-01,봄
771,승합차,5,1116,20,463,1237,159,2018,2018-05-01,봄
772,승합차,6,1012,8,447,1052,96,2018,2018-06-01,여름
773,승합차,7,1107,16,393,1202,129,2018,2018-07-01,여름
774,승합차,8,1086,17,410,1159,115,2018,2018-08-01,여름
775,승합차,9,1112,27,445,1243,116,2018,2018-09-01,가을
776,승합차,10,1330,18,542,1426,102,2018,2018-10-01,가을
777,승합차,11,1256,27,547,1390,178,2018,2018-11-01,가을
778,승합차,12,1174,29,461,1254,121,2018,2018-12-01,겨울
779,화물차,1,2176,67,810,2242,164,2018,2018-01-01,겨울
780,화물차,2,2089,65,806,2188,170,2018,2018-02-01,겨울
781,화물차,3,2164,65,880,2221,148,2018,2018-03-01,봄
782,화물차,4,2231,58,899,2350,167,2018,2018-04-01,봄
783,화물차,5,2269,70,943,2333,181,2018,2018-05-01,봄
784,화물차,6,2381,68,995,2378,220,2018,2018-06-01,여름
785,화물차,7,2325,74,914,2500,150,2018,2018-07-01,여름
786,화물차,8,2349,80,951,2502,197,2018,2018-08-01,여름
787,화물차,9,2314,81,965,2460,170,2018,2018-09-01,가을
788,화물차,10,2577,99,1053,2708,161,2018,2018-10-01,가을
789,화물차,11,2451,62,949,2448,163,2018,2018-11-01,가을
790,화물차,12,2236,79,811,2269,170,2018,2018-12-01,겨울
791,특수차,1,99,0,36,110,11,2018,2018-01-01,겨울
792,특수차,2,92,4,38,110,5,2018,2018-02-01,겨울
793,특수차,3,107,5,48,111,14,2018,2018-03-01,봄
794,특수차,4,94,7,32,83,6,2018,2018-04-01,봄
795,특수차,5,92,2,32,105,4,2018,2018-05-01,봄
796,특수차,6,88,9,44,85,8,2018,2018-06-01,여름
797,특수차,7,100,5,35,114,7,2018,2018-07-01,여름
798,특수차,8,85,10,39,95,24,2018,2018-08-01,여름
799,특수차,9,86,5,32,93,4,2018,2018-09-01,가을
800,특수차,10,116,0,33,136,1,2018,2018-10-01,가을
801,특수차,11,115,4,41,108,8,2018,2018-11-01,가을
802,특수차,12,104,6,40,112,9,2018,2018-12-01,겨울
803,이륜차,1,868,12,274,614,202,2018,2018-01-01,겨울
804,이륜차,2,846,14,298,574,159,2018,2018-02-01,겨울
805,이륜차,3,1137,33,404,781,186,2018,2018-03-01,봄
806,이륜차,4,1238,43,434,834,242,2018,2018-04-01,봄
807,이륜차,5,1284,36,462,855,247,2018,2018-05-01,봄
808,이륜차,6,1390,30,501,961,295,2018,2018-06-01,여름
809,이륜차,7,1419,48,515,971,272,2018,2018-07-01,여름
810,이륜차,8,1417,42,474,966,320,2018,2018-08-01,여름
811,이륜차,9,1357,42,460,996,254,2018,2018-09-01,가을
812,이륜차,10,1440,53,511,990,272,2018,2018-10-01,가을
813,이륜차,11,1417,34,469,1010,282,2018,2018-11-01,가을
814,이륜차,12,1219,23,378,902,256,2018,2018-12-01,겨울
815,사륜오토바이(ATV),1,11,4,5,3,1,2018,2018-01-01,겨울
816,사륜오토바이(ATV),2,18,3,6,10,2,2018,2018-02-01,겨울
817,사륜오토바이(ATV),3,31,4,13,23,2,2018,2018-03-01,봄
818,사륜오토바이(ATV),4,31,3,10,18,4,2018,2018-04-01,봄
819,사륜오토바이(ATV),5,26,5,13,11,3,2018,2018-05-01,봄
820,사륜오토바이(ATV),6,32,5,9,18,5,2018,2018-06-01,여름
821,사륜오토바이(ATV),7,29,5,9,17,1,2018,2018-07-01,여름
822,사륜오토바이(ATV),8,37,9,19,8,4,2018,2018-08-01,여름
823,사륜오토바이(ATV),9,39,7,11,23,8,2018,2018-09-01,가을
824,사륜오토바이(ATV),10,39,7,9,20,6,2018,2018-10-01,가을
825,사륜오토바이(ATV),11,21,5,6,7,6,2018,2018-11-01,가을
826,사륜오토바이(ATV),12,19,2,10,9,1,2018,2018-12-01,겨울
827,원동기장치자전거,1,168,1,56,111,37,2018,2018-01-01,겨울
828,원동기장치자전거,2,149,6,57,99,33,2018,2018-02-01,겨울
829,원동기장치자전거,3,184,6,55,128,35,2018,2018-03-01,봄
830,원동기장치자전거,4,259,11,85,161,52,2018,2018-04-01,봄
831,원동기장치자전거,5,212,11,78,140,38,2018,2018-05-01,봄
832,원동기장치자전거,6,204,7,69,128,39,2018,2018-06-01,여름
833,원동기장치자전거,7,207,4,70,129,34,2018,2018-07-01,여름
834,원동기장치자전거,8,203,5,69,125,43,2018,2018-08-01,여름
835,원동기장치자전거,9,176,4,75,114,27,2018,2018-09-01,가을
836,원동기장치자전거,10,182,4,58,123,43,2018,2018-10-01,가을
837,원동기장치자전거,11,158,5,60,104,28,2018,2018-11-01,가을
838,원동기장치자전거,12,144,4,39,103,25,2018,2018-12-01,겨울
839,자전거,1,176,4,41,85,50,2018,2018-01-01,겨울
840,자전거,2,202,6,46,117,41,2018,2018-02-01,겨울
841,자전거,3,311,5,97,176,65,2018,2018-03-01,봄
842,자전거,4,454,5,146,239,99,2018,2018-04-01,봄
843,자전거,5,512,10,144,271,138,2018,2018-05-01,봄
844,자전거,6,623,7,198,315,160,2018,2018-06-01,여름
845,자전거,7,479,11,136,255,116,2018,2018-07-01,여름
846,자전거,8,436,9,116,235,102,2018,2018-08-01,여름
847,자전거,9,521,10,146,269,137,2018,2018-09-01,가을
848,자전거,10,490,9,153,233,122,2018,2018-10-01,가을
849,자전거,11,369,9,99,190,97,2018,2018-11-01,가을
850,자전거,12,198,6,55,105,47,2018,2018-12-01,겨울
851,개인형이동수단(PM),1,8,0,6,1,1,2018,2018-01-01,겨울
852,개인형이동수단(PM),2,8,0,2,5,1,2018,2018-02-01,겨울
853,개인형이동수단(PM),3,3,0,2,1,0,2018,2018-03-01,봄
854,개인형이동수단(PM),4,16,0,7,10,3,2018,2018-04-01,봄
855,개인형이동수단(PM),5,15,0,7,6,2,2018,2018-05-01,봄
856,개인형이동수단(PM),6,17,0,4,10,4,2018,2018-06-01,여름
857,개인형이동수단(PM),7,33,0,12,16,5,2018,2018-07-01,여름
858,개인형이동수단(PM),8,28,2,7,16,5,2018,2018-08-01,여름
859,개인형이동수단(PM),9,34,2,9,20,4,2018,2018-09-01,가을
860,개인형이동수단(PM),10,23,0,8,13,6,2018,2018-10-01,가을
861,개인형이동수단(PM),11,19,0,6,10,3,2018,2018-11-01,가을
862,개인형이동수단(PM),12,21,0,6,12,8,2018,2018-12-01,겨울
863,건설기계,1,177,7,68,202,8,2018,2018-01-01,겨울
864,건설기계,2,156,4,75,134,6,2018,2018-02-01,겨울
865,건설기계,3,171,5,64,193,16,2018,2018-03-01,봄
866,건설기계,4,216,4,87,225,47,2018,2018-04-01,봄
867,건설기계,5,252,4,73,282,7,2018,2018-05-01,봄
868,건설기계,6,214,7,80,212,15,2018,2018-06-01,여름
869,건설기계,7,206,7,72,253,14,2018,2018-07-01,여름
870,건설기계,8,163,5,51,188,11,2018,2018-08-01,여름
871,건설기계,9,187,7,78,182,17,2018,2018-09-01,가을
872,건설기계,10,259,8,100,294,24,2018,2018-10-01,가을
873,건설기계,11,226,9,92,264,11,2018,2018-11-01,가을
874,건설기계,12,200,6,66,207,16,2018,2018-12-01,겨울
875,농기계,1,11,3,5,8,0,2018,2018-01-01,겨울
876,농기계,2,13,1,6,8,1,2018,2018-02-01,겨울
877,농기계,3,26,7,11,12,2,2018,2018-03-01,봄
878,농기계,4,34,10,15,13,1,2018,2018-04-01,봄
879,농기계,5,47,6,17,35,2,2018,2018-05-01,봄
880,농기계,6,41,5,17,25,2,2018,2018-06-01,여름
881,농기계,7,44,6,17,30,6,2018,2018-07-01,여름
882,농기계,8,40,3,21,16,4,2018,2018-08-01,여름
883,농기계,9,38,6,18,22,9,2018,2018-09-01,가을
884,농기계,10,47,7,19,22,4,2018,2018-10-01,가을
885,농기계,11,43,5,16,31,0,2018,2018-11-01,가을
886,농기계,12,14,1,5,11,0,2018,2018-12-01,겨울
887,기타,1,10,0,6,4,0,2018,2018-01-01,겨울
888,기타,2,15,0,3,11,4,2018,2018-02-01,겨울
889,기타,3,11,0,2,8,1,2018,2018-03-01,봄
890,기타,4,15,0,2,17,6,2018,2018-04-01,봄
891,기타,5,16,0,5,10,3,2018,2018-05-01,봄
892,기타,6,17,1,7,7,4,2018,2018-06-01,여름
893,기타,7,17,0,5,13,4,2018,2018-07-01,여름
894,기타,8,10,0,3,9,3,2018,2018-08-01,여름
895,기타,9,14,0,7,5,2,2018,2018-09-01,가을
896,기타,10,22,0,8,12,3,2018,2018-10-01,가을
897,기타,11,14,0,1,14,1,2018,2018-11-01,가을
898,기타,12,8,0,1,8,0,2018,2018-12-01,겨울
899,기타,1,359,0,58,279,87,2018,2018-01-01,겨울
900,기타,2,326,0,48,242,78,2018,2018-02-01,겨울
901,기타,3,309,0,60,211,72,2018,2018-03-01,봄
902,기타,4,313,0,46,230,67,2018,2018-04-01,봄
903,기타,5,346,1,51,252,82,2018,2018-05-01,봄
904,기타,6,317,0,46,223,81,2018,2018-06-01,여름
905,기타,7,308,2,51,212,92,2018,2018-07-01,여름
906,기타,8,321,1,44,239,81,2018,2018-08-01,여름
907,기타,9,342,2,58,229,96,2018,2018-09-01,가을
908,기타,10,374,0,65,275,84,2018,2018-10-01,가을
909,기타,11,382,0,64,278,84,2018,2018-11-01,가을
910,기타,12,346,0,40,271,80,2018,2018-12-01,겨울
911,승용차,1,11270,157,3667,12518,878,2019,2019-01-01,겨울
912,승용차,2,10185,116,3189,12106,854,2019,2019-02-01,겨울
913,승용차,3,12163,115,3738,13872,998,2019,2019-03-01,봄
914,승용차,4,12597,131,3985,14248,1019,2019,2019-04-01,봄
915,승용차,5,13388,145,4109,15461,1205,2019,2019-05-01,봄
916,승용차,6,12252,117,3787,14008,1127,2019,2019-06-01,여름
917,승용차,7,12486,97,3776,14297,1103,2019,2019-07-01,여름
918,승용차,8,12892,119,3885,15144,1143,2019,2019-08-01,여름
919,승용차,9,12628,126,3710,14567,1127,2019,2019-09-01,가을
920,승용차,10,14037,160,4359,15755,1252,2019,2019-10-01,가을
921,승용차,11,14260,144,4218,16028,1176,2019,2019-11-01,가을
922,승용차,12,13207,144,3846,15006,1247,2019,2019-12-01,겨울
923,승합차,1,1008,15,415,1060,109,2019,2019-01-01,겨울
924,승합차,2,859,12,339,955,93,2019,2019-02-01,겨울
925,승합차,3,1168,11,433,1216,145,2019,2019-03-01,봄
926,승합차,4,1189,21,415,1393,129,2019,2019-04-01,봄
927,승합차,5,1285,17,449,1435,117,2019,2019-05-01,봄
928,승합차,6,1150,18,428,1258,132,2019,2019-06-01,여름
929,승합차,7,1164,21,385,1219,106,2019,2019-07-01,여름
930,승합차,8,1259,11,436,1462,173,2019,2019-08-01,여름
931,승합차,9,1210,22,454,1366,165,2019,2019-09-01,가을
932,승합차,10,1400,19,511,1617,167,2019,2019-10-01,가을
933,승합차,11,1302,19,469,1479,155,2019,2019-11-01,가을
934,승합차,12,1227,23,433,1409,148,2019,2019-12-01,겨울
935,화물차,1,2165,74,784,2141,138,2019,2019-01-01,겨울
936,화물차,2,1797,48,655,1916,112,2019,2019-02-01,겨울
937,화물차,3,2285,73,855,2366,167,2019,2019-03-01,봄
938,화물차,4,2430,63,907,2484,201,2019,2019-04-01,봄
939,화물차,5,2636,61,980,2865,192,2019,2019-05-01,봄
940,화물차,6,2357,63,876,2498,178,2019,2019-06-01,여름
941,화물차,7,2403,55,841,2515,190,2019,2019-07-01,여름
942,화물차,8,2497,60,890,2785,223,2019,2019-08-01,여름
943,화물차,9,2356,67,816,2476,186,2019,2019-09-01,가을
944,화물차,10,2801,85,1022,2930,222,2019,2019-10-01,가을
945,화물차,11,2614,68,924,2848,216,2019,2019-11-01,가을
946,화물차,12,2447,85,851,2531,179,2019,2019-12-01,겨울
947,특수차,1,82,2,27,88,5,2019,2019-01-01,겨울
948,특수차,2,73,0,27,79,5,2019,2019-02-01,겨울
949,특수차,3,92,4,29,106,2,2019,2019-03-01,봄
950,특수차,4,105,3,42,151,8,2019,2019-04-01,봄
951,특수차,5,117,2,43,121,9,2019,2019-05-01,봄
952,특수차,6,87,3,33,101,16,2019,2019-06-01,여름
953,특수차,7,97,7,48,99,8,2019,2019-07-01,여름
954,특수차,8,127,3,46,141,11,2019,2019-08-01,여름
955,특수차,9,94,4,25,99,11,2019,2019-09-01,가을
956,특수차,10,110,3,53,102,7,2019,2019-10-01,가을
957,특수차,11,131,1,46,140,6,2019,2019-11-01,가을
958,특수차,12,108,6,47,100,3,2019,2019-12-01,겨울
959,이륜차,1,1114,20,349,798,235,2019,2019-01-01,겨울
960,이륜차,2,1043,16,356,761,203,2019,2019-02-01,겨울
961,이륜차,3,1350,34,442,1036,231,2019,2019-03-01,봄
962,이륜차,4,1545,40,504,1202,298,2019,2019-04-01,봄
963,이륜차,5,1796,47,579,1362,346,2019,2019-05-01,봄
964,이륜차,6,1658,40,556,1254,346,2019,2019-06-01,여름
965,이륜차,7,1683,36,514,1258,374,2019,2019-07-01,여름
966,이륜차,8,1761,35,554,1368,361,2019,2019-08-01,여름
967,이륜차,9,1640,39,557,1280,296,2019,2019-09-01,가을
968,이륜차,10,1703,41,543,1257,341,2019,2019-10-01,가을
969,이륜차,11,1766,40,560,1331,355,2019,2019-11-01,가을
970,이륜차,12,1408,34,403,1067,307,2019,2019-12-01,겨울
971,사륜오토바이(ATV),1,18,4,4,12,2,2019,2019-01-01,겨울
972,사륜오토바이(ATV),2,18,2,6,13,3,2019,2019-02-01,겨울
973,사륜오토바이(ATV),3,24,1,11,15,0,2019,2019-03-01,봄
974,사륜오토바이(ATV),4,33,5,7,20,5,2019,2019-04-01,봄
975,사륜오토바이(ATV),5,31,2,14,15,3,2019,2019-05-01,봄
976,사륜오토바이(ATV),6,28,3,11,17,2,2019,2019-06-01,여름
977,사륜오토바이(ATV),7,24,1,13,14,1,2019,2019-07-01,여름
978,사륜오토바이(ATV),8,31,3,9,22,2,2019,2019-08-01,여름
979,사륜오토바이(ATV),9,31,4,11,16,3,2019,2019-09-01,가을
980,사륜오토바이(ATV),10,28,2,14,13,2,2019,2019-10-01,가을
981,사륜오토바이(ATV),11,24,3,6,15,2,2019,2019-11-01,가을
982,사륜오토바이(ATV),12,28,6,10,13,5,2019,2019-12-01,겨울
983,원동기장치자전거,1,151,2,54,106,24,2019,2019-01-01,겨울
984,원동기장치자전거,2,138,1,42,103,28,2019,2019-02-01,겨울
985,원동기장치자전거,3,129,3,42,105,17,2019,2019-03-01,봄
986,원동기장치자전거,4,152,3,47,110,32,2019,2019-04-01,봄
987,원동기장치자전거,5,199,6,60,148,39,2019,2019-05-01,봄
988,원동기장치자전거,6,187,4,52,134,51,2019,2019-06-01,여름
989,원동기장치자전거,7,178,4,46,132,40,2019,2019-07-01,여름
990,원동기장치자전거,8,233,4,77,169,38,2019,2019-08-01,여름
991,원동기장치자전거,9,202,3,64,134,53,2019,2019-09-01,가을
992,원동기장치자전거,10,215,4,71,149,41,2019,2019-10-01,가을
993,원동기장치자전거,11,153,3,47,104,31,2019,2019-11-01,가을
994,원동기장치자전거,12,176,3,60,118,31,2019,2019-12-01,겨울
995,자전거,1,257,7,70,138,55,2019,2019-01-01,겨울
996,자전거,2,202,1,65,103,47,2019,2019-02-01,겨울
997,자전거,3,363,2,110,201,73,2019,2019-03-01,봄
998,자전거,4,470,7,154,255,101,2019,2019-04-01,봄
999,자전거,5,614,6,166,344,141,2019,2019-05-01,봄
1000,자전거,6,663,13,167,377,175,2019,2019-06-01,여름
1001,자전거,7,598,9,136,365,147,2019,2019-07-01,여름
1002,자전거,8,551,11,136,304,150,2019,2019-08-01,여름
1003,자전거,9,556,9,157,289,138,2019,2019-09-01,가을
1004,자전거,10,641,5,184,359,149,2019,2019-10-01,가을
1005,자전거,11,454,6,117,267,95,2019,2019-11-01,가을
1006,자전거,12,264,3,70,151,64,2019,2019-12-01,겨울
1007,개인형이동수단(PM),1,10,0,4,3,3,2019,2019-01-01,겨울
1008,개인형이동수단(PM),2,13,1,4,7,2,2019,2019-02-01,겨울
1009,개인형이동수단(PM),3,14,0,6,7,2,2019,2019-03-01,봄
1010,개인형이동수단(PM),4,19,0,5,7,7,2019,2019-04-01,봄
1011,개인형이동수단(PM),5,48,1,13,28,8,2019,2019-05-01,봄
1012,개인형이동수단(PM),6,40,0,15,25,4,2019,2019-06-01,여름
1013,개인형이동수단(PM),7,47,2,14,22,12,2019,2019-07-01,여름
1014,개인형이동수단(PM),8,61,0,19,41,7,2019,2019-08-01,여름
1015,개인형이동수단(PM),9,44,2,13,31,6,2019,2019-09-01,가을
1016,개인형이동수단(PM),10,60,1,16,31,18,2019,2019-10-01,가을
1017,개인형이동수단(PM),11,51,0,18,27,9,2019,2019-11-01,가을
1018,개인형이동수단(PM),12,40,1,13,18,8,2019,2019-12-01,겨울
1019,건설기계,1,164,12,66,157,9,2019,2019-01-01,겨울
1020,건설기계,2,142,3,46,152,13,2019,2019-02-01,겨울
1021,건설기계,3,201,2,80,214,9,2019,2019-03-01,봄
1022,건설기계,4,217,7,94,205,28,2019,2019-04-01,봄
1023,건설기계,5,235,9,74,256,15,2019,2019-05-01,봄
1024,건설기계,6,205,10,64,249,7,2019,2019-06-01,여름
1025,건설기계,7,199,6,50,234,13,2019,2019-07-01,여름
1026,건설기계,8,216,7,69,241,18,2019,2019-08-01,여름
1027,건설기계,9,172,6,55,192,10,2019,2019-09-01,가을
1028,건설기계,10,246,10,88,279,8,2019,2019-10-01,가을
1029,건설기계,11,295,9,89,301,23,2019,2019-11-01,가을
1030,건설기계,12,250,3,91,287,17,2019,2019-12-01,겨울
1031,농기계,1,11,3,3,16,2,2019,2019-01-01,겨울
1032,농기계,2,20,3,12,9,0,2019,2019-02-01,겨울
1033,농기계,3,31,6,13,10,3,2019,2019-03-01,봄
1034,농기계,4,42,6,18,20,5,2019,2019-04-01,봄
1035,농기계,5,71,8,32,51,5,2019,2019-05-01,봄
1036,농기계,6,51,8,27,32,3,2019,2019-06-01,여름
1037,농기계,7,26,3,8,14,5,2019,2019-07-01,여름
1038,농기계,8,53,0,18,52,6,2019,2019-08-01,여름
1039,농기계,9,37,5,8,27,5,2019,2019-09-01,가을
1040,농기계,10,51,7,22,23,7,2019,2019-10-01,가을
1041,농기계,11,38,4,13,27,3,2019,2019-11-01,가을
1042,농기계,12,13,4,3,6,3,2019,2019-12-01,겨울
1043,기타,1,11,0,4,4,5,2019,2019-01-01,겨울
1044,기타,2,9,0,2,3,4,2019,2019-02-01,겨울
1045,기타,3,13,1,3,12,0,2019,2019-03-01,봄
1046,기타,4,19,0,3,12,4,2019,2019-04-01,봄
1047,기타,5,15,0,5,14,1,2019,2019-05-01,봄
1048,기타,6,22,0,7,16,4,2019,2019-06-01,여름
1049,기타,7,14,0,6,10,3,2019,2019-07-01,여름
1050,기타,8,10,0,3,7,2,2019,2019-08-01,여름
1051,기타,9,16,0,2,17,0,2019,2019-09-01,가을
1052,기타,10,29,0,9,15,5,2019,2019-10-01,가을
1053,기타,11,24,0,9,13,2,2019,2019-11-01,가을
1054,기타,12,21,1,6,9,5,2019,2019-12-01,겨울
1055,기타,1,291,0,40,208,68,2019,2019-01-01,겨울
1056,기타,2,253,0,29,203,66,2019,2019-02-01,겨울
1057,기타,3,300,0,44,230,65,2019,2019-03-01,봄
1058,기타,4,286,0,43,198,72,2019,2019-04-01,봄
1059,기타,5,344,1,49,232,91,2019,2019-05-01,봄
1060,기타,6,268,0,34,170,74,2019,2019-06-01,여름
1061,기타,7,315,0,48,213,74,2019,2019-07-01,여름
1062,기타,8,301,0,40,217,89,2019,2019-08-01,여름
1063,기타,9,345,0,45,217,118,2019,2019-09-01,가을
1064,기타,10,369,0,61,260,88,2019,2019-10-01,가을
1065,기타,11,405,0,51,307,96,2019,2019-11-01,가을
1066,기타,12,359,0,50,251,97,2019,2019-12-01,겨울
1067,승용차,1,11547,135,3274,13554,951,2020,2020-01-01,겨울
1068,승합차,1,1035,14,404,1143,158,2020,2020-01-01,겨울
1069,화물차,1,2105,63,747,2262,160,2020,2020-01-01,겨울
1070,특수차,1,108,2,24,110,6,2020,2020-01-01,겨울
1071,이륜차,1,1249,35,382,969,222,2020,2020-01-01,겨울
1072,사륜오토바이(ATV),1,21,5,11,13,3,2020,2020-01-01,겨울
1073,원동기장치자전거,1,128,8,34,99,27,2020,2020-01-01,겨울
1074,자전거,1,275,4,80,145,59,2020,2020-01-01,겨울
1075,개인형이동수단(PM),1,22,0,9,16,2,2020,2020-01-01,겨울
1076,건설기계,1,150,6,55,140,9,2020,2020-01-01,겨울
1077,농기계,1,18,5,3,13,0,2020,2020-01-01,겨울
1078,기타,1,19,0,6,9,4,2020,2020-01-01,겨울
1079,기타,1,291,0,34,223,82,2020,2020-01-01,겨울
1080,승용차,2,11002,107,2871,12656,895,2020,2020-02-01,겨울
1081,승합차,2,951,15,311,1004,79,2020,2020-02-01,겨울
1082,화물차,2,2025,56,651,2069,146,2020,2020-02-01,겨울
1083,특수차,2,83,8,33,111,5,2020,2020-02-01,겨울
1084,이륜차,2,1313,26,380,1026,260,2020,2020-02-01,겨울
1085,사륜오토바이(ATV),2,17,0,11,11,2,2020,2020-02-01,겨울
1086,원동기장치자전거,2,156,2,50,115,27,2020,2020-02-01,겨울
1087,자전거,2,243,2,61,136,62,2020,2020-02-01,겨울
1088,개인형이동수단(PM),2,36,1,8,15,13,2020,2020-02-01,겨울
1089,건설기계,2,159,3,41,165,8,2020,2020-02-01,겨울
1090,농기계,2,8,2,3,4,0,2020,2020-02-01,겨울
1091,기타,2,12,0,3,8,1,2020,2020-02-01,겨울
1092,기타,2,280,0,40,210,67,2020,2020-02-01,겨울
1093,승용차,3,9804,118,2727,11324,723,2020,2020-03-01,봄
1094,승합차,3,684,13,238,708,43,2020,2020-03-01,봄
1095,화물차,3,2030,52,650,2253,111,2020,2020-03-01,봄
1096,특수차,3,106,4,42,98,2,2020,2020-03-01,봄
1097,이륜차,3,1289,32,411,1023,228,2020,2020-03-01,봄
1098,사륜오토바이(ATV),3,25,4,11,15,0,2020,2020-03-01,봄
1099,원동기장치자전거,3,170,1,63,125,33,2020,2020-03-01,봄
1100,자전거,3,366,6,102,206,90,2020,2020-03-01,봄
1101,개인형이동수단(PM),3,31,0,11,19,6,2020,2020-03-01,봄
1102,건설기계,3,183,5,52,199,8,2020,2020-03-01,봄
1103,농기계,3,27,4,10,19,1,2020,2020-03-01,봄
1104,기타,3,13,0,5,8,1,2020,2020-03-01,봄
1105,기타,3,221,0,34,158,66,2020,2020-03-01,봄
1106,승용차,4,10455,111,2960,12200,798,2020,2020-04-01,봄
1107,승합차,4,776,12,273,810,46,2020,2020-04-01,봄
1108,화물차,4,2154,38,746,2297,115,2020,2020-04-01,봄
1109,특수차,4,94,1,34,100,6,2020,2020-04-01,봄
1110,이륜차,4,1464,36,471,1166,271,2020,2020-04-01,봄
1111,사륜오토바이(ATV),4,19,2,4,13,4,2020,2020-04-01,봄
1112,원동기장치자전거,4,192,1,66,142,22,2020,2020-04-01,봄
1113,자전거,4,505,6,152,282,119,2020,2020-04-01,봄
1114,개인형이동수단(PM),4,56,1,13,32,18,2020,2020-04-01,봄
1115,건설기계,4,204,3,76,236,7,2020,2020-04-01,봄
1116,농기계,4,25,2,11,14,3,2020,2020-04-01,봄
1117,기타,4,14,0,3,14,4,2020,2020-04-01,봄
1118,기타,4,228,0,35,153,65,2020,2020-04-01,봄
1119,승용차,5,11729,90,3317,13707,923,2020,2020-05-01,봄
1120,승합차,5,926,20,357,968,82,2020,2020-05-01,봄
1121,화물차,5,2304,58,802,2399,169,2020,2020-05-01,봄
1122,특수차,5,96,1,43,94,8,2020,2020-05-01,봄
1123,이륜차,5,1570,58,496,1278,283,2020,2020-05-01,봄
1124,사륜오토바이(ATV),5,33,3,13,15,5,2020,2020-05-01,봄
1125,원동기장치자전거,5,257,4,81,195,53,2020,2020-05-01,봄
1126,자전거,5,620,8,190,368,129,2020,2020-05-01,봄
1127,개인형이동수단(PM),5,67,0,20,43,14,2020,2020-05-01,봄
1128,건설기계,5,229,6,82,251,18,2020,2020-05-01,봄
1129,농기계,5,48,6,22,27,2,2020,2020-05-01,봄
1130,기타,5,17,0,8,9,4,2020,2020-05-01,봄
1131,기타,5,288,0,39,209,68,2020,2020-05-01,봄
1132,승용차,6,12343,112,3460,14338,947,2020,2020-06-01,여름
1133,승합차,6,930,14,314,948,76,2020,2020-06-01,여름
1134,화물차,6,2416,64,870,2593,158,2020,2020-06-01,여름
1135,특수차,6,98,1,37,114,6,2020,2020-06-01,여름
1136,이륜차,6,1683,40,528,1321,332,2020,2020-06-01,여름
1137,사륜오토바이(ATV),6,32,1,13,16,5,2020,2020-06-01,여름
1138,원동기장치자전거,6,239,7,74,196,42,2020,2020-06-01,여름
1139,자전거,6,647,6,193,371,153,2020,2020-06-01,여름
1140,개인형이동수단(PM),6,63,1,13,43,12,2020,2020-06-01,여름
1141,건설기계,6,245,4,66,262,17,2020,2020-06-01,여름
1142,농기계,6,30,3,13,22,2,2020,2020-06-01,여름
1143,기타,6,28,1,5,24,6,2020,2020-06-01,여름
1144,기타,6,263,0,28,188,74,2020,2020-06-01,여름
1145,승용차,7,12044,124,3251,14030,928,2020,2020-07-01,여름
1146,승합차,7,945,10,310,1134,94,2020,2020-07-01,여름
1147,화물차,7,2215,54,737,2418,198,2020,2020-07-01,여름
1148,특수차,7,77,0,22,92,7,2020,2020-07-01,여름
1149,이륜차,7,1566,25,484,1299,286,2020,2020-07-01,여름
1150,사륜오토바이(ATV),7,22,1,11,9,4,2020,2020-07-01,여름
1151,원동기장치자전거,7,260,4,91,199,44,2020,2020-07-01,여름
1152,자전거,7,620,9,176,340,165,2020,2020-07-01,여름
1153,개인형이동수단(PM),7,98,1,22,62,19,2020,2020-07-01,여름
1154,건설기계,7,142,9,45,149,4,2020,2020-07-01,여름
1155,농기계,7,25,2,11,17,3,2020,2020-07-01,여름
1156,기타,7,16,1,5,13,1,2020,2020-07-01,여름
1157,기타,7,272,0,42,171,76,2020,2020-07-01,여름
1158,승용차,8,11540,147,3235,13662,938,2020,2020-08-01,여름
1159,승합차,8,823,12,264,985,56,2020,2020-08-01,여름
1160,화물차,8,2241,72,755,2409,173,2020,2020-08-01,여름
1161,특수차,8,87,3,32,88,8,2020,2020-08-01,여름
1162,이륜차,8,1689,37,529,1366,308,2020,2020-08-01,여름
1163,사륜오토바이(ATV),8,31,1,12,13,8,2020,2020-08-01,여름
1164,원동기장치자전거,8,253,5,77,190,46,2020,2020-08-01,여름
1165,자전거,8,417,9,122,246,83,2020,2020-08-01,여름
1166,개인형이동수단(PM),8,86,0,22,50,24,2020,2020-08-01,여름
1167,건설기계,8,152,3,36,209,5,2020,2020-08-01,여름
1168,농기계,8,34,6,8,21,3,2020,2020-08-01,여름
1169,기타,8,16,0,4,9,3,2020,2020-08-01,여름
1170,기타,8,247,0,27,162,76,2020,2020-08-01,여름
1171,승용차,9,11520,127,3106,13170,839,2020,2020-09-01,가을
1172,승합차,9,831,14,247,893,88,2020,2020-09-01,가을
1173,화물차,9,2426,67,782,2496,151,2020,2020-09-01,가을
1174,특수차,9,114,4,36,116,7,2020,2020-09-01,가을
1175,이륜차,9,1642,48,559,1268,246,2020,2020-09-01,가을
1176,사륜오토바이(ATV),9,29,3,12,15,2,2020,2020-09-01,가을
1177,원동기장치자전거,9,256,9,88,183,43,2020,2020-09-01,가을
1178,자전거,9,658,13,217,349,152,2020,2020-09-01,가을
1179,개인형이동수단(PM),9,109,0,34,66,20,2020,2020-09-01,가을
1180,건설기계,9,215,13,67,226,11,2020,2020-09-01,가을
1181,농기계,9,33,3,11,19,7,2020,2020-09-01,가을
1182,기타,9,17,0,5,8,4,2020,2020-09-01,가을
1183,기타,9,274,0,30,192,74,2020,2020-09-01,가을
1184,승용차,10,12295,136,3433,14503,902,2020,2020-10-01,가을
1185,승합차,10,905,10,294,897,58,2020,2020-10-01,가을
1186,화물차,10,2452,69,820,2619,140,2020,2020-10-01,가을
1187,특수차,10,100,4,26,101,6,2020,2020-10-01,가을
1188,이륜차,10,1731,46,509,1515,290,2020,2020-10-01,가을
1189,사륜오토바이(ATV),10,34,6,12,26,3,2020,2020-10-01,가을
1190,원동기장치자전거,10,267,7,80,186,53,2020,2020-10-01,가을
1191,자전거,10,635,6,182,355,148,2020,2020-10-01,가을
1192,개인형이동수단(PM),10,163,4,38,114,32,2020,2020-10-01,가을
1193,건설기계,10,284,11,95,310,13,2020,2020-10-01,가을
1194,농기계,10,65,9,22,52,6,2020,2020-10-01,가을
1195,기타,10,32,1,6,22,6,2020,2020-10-01,가을
1196,기타,10,292,0,37,200,79,2020,2020-10-01,가을
1197,승용차,11,11978,121,3288,13705,811,2020,2020-11-01,가을
1198,승합차,11,939,17,300,1037,59,2020,2020-11-01,가을
1199,화물차,11,2430,60,780,2674,160,2020,2020-11-01,가을
1200,특수차,11,116,5,35,135,16,2020,2020-11-01,가을
1201,이륜차,11,1573,30,534,1280,257,2020,2020-11-01,가을
1202,사륜오토바이(ATV),11,23,2,5,22,5,2020,2020-11-01,가을
1203,원동기장치자전거,11,250,5,72,191,46,2020,2020-11-01,가을
1204,자전거,11,413,8,116,222,99,2020,2020-11-01,가을
1205,개인형이동수단(PM),11,110,2,30,63,23,2020,2020-11-01,가을
1206,건설기계,11,249,7,81,255,6,2020,2020-11-01,가을
1207,농기계,11,37,4,9,37,2,2020,2020-11-01,가을
1208,기타,11,25,0,8,16,3,2020,2020-11-01,가을
1209,기타,11,295,0,37,195,84,2020,2020-11-01,가을
1210,승용차,12,10621,82,2794,11869,751,2020,2020-12-01,겨울
1211,승합차,12,718,14,255,757,47,2020,2020-12-01,겨울
1212,화물차,12,2265,68,641,2361,143,2020,2020-12-01,겨울
1213,특수차,12,98,5,22,106,6,2020,2020-12-01,겨울
1214,이륜차,12,1511,26,394,1207,295,2020,2020-12-01,겨울
1215,사륜오토바이(ATV),12,18,2,7,11,1,2020,2020-12-01,겨울
1216,원동기장치자전거,12,246,3,66,182,51,2020,2020-12-01,겨울
1217,자전거,12,268,6,69,145,66,2020,2020-12-01,겨울
1218,개인형이동수단(PM),12,56,0,14,37,8,2020,2020-12-01,겨울
1219,건설기계,12,226,7,75,238,13,2020,2020-12-01,겨울
1220,농기계,12,17,3,7,13,0,2020,2020-12-01,겨울
1221,기타,12,10,0,4,5,3,2020,2020-12-01,겨울
1222,기타,12,276,0,33,190,73,2020,2020-12-01,겨울
1223,승용차,1,10031,104,2610,11494,600,2021,2021-01-01,겨울
1224,승합차,1,732,10,250,776,61,2021,2021-01-01,겨울
1225,화물차,1,2057,54,631,2181,121,2021,2021-01-01,겨울
1226,특수차,1,95,1,34,103,5,2021,2021-01-01,겨울
1227,이륜차,1,1124,12,324,902,213,2021,2021-01-01,겨울
1228,사륜오토바이(ATV),1,15,1,8,9,1,2021,2021-01-01,겨울
1229,원동기장치자전거,1,184,4,42,142,34,2021,2021-01-01,겨울
1230,자전거,1,188,2,59,109,33,2021,2021-01-01,겨울
1231,개인형이동수단(PM),1,55,1,13,39,8,2021,2021-01-01,겨울
1232,건설기계,1,189,5,44,214,6,2021,2021-01-01,겨울
1233,농기계,1,5,2,1,2,0,2021,2021-01-01,겨울
1234,기타,1,11,1,5,6,2,2021,2021-01-01,겨울
1235,기타,1,223,0,27,164,50,2021,2021-01-01,겨울
1236,승용차,2,9774,93,2568,11373,631,2021,2021-02-01,겨울
1237,승합차,2,687,16,269,702,48,2021,2021-02-01,겨울
1238,화물차,2,1897,49,605,2126,126,2021,2021-02-01,겨울
1239,특수차,2,81,1,19,99,4,2021,2021-02-01,겨울
1240,이륜차,2,1168,23,331,982,196,2021,2021-02-01,겨울
1241,사륜오토바이(ATV),2,16,2,2,11,2,2021,2021-02-01,겨울
1242,원동기장치자전거,2,145,3,49,114,28,2021,2021-02-01,겨울
1243,자전거,2,268,7,84,149,51,2021,2021-02-01,겨울
1244,개인형이동수단(PM),2,51,2,8,32,16,2021,2021-02-01,겨울
1245,건설기계,2,189,5,64,214,8,2021,2021-02-01,겨울
1246,농기계,2,14,2,5,9,0,2021,2021-02-01,겨울
1247,기타,2,11,0,6,8,0,2021,2021-02-01,겨울
1248,기타,2,210,0,30,148,43,2021,2021-02-01,겨울
1249,승용차,3,10937,98,2903,12645,731,2021,2021-03-01,봄
1250,승합차,3,872,9,279,899,66,2021,2021-03-01,봄
1251,화물차,3,2119,52,603,2370,122,2021,2021-03-01,봄
1252,특수차,3,101,4,42,113,4,2021,2021-03-01,봄
1253,이륜차,3,1377,25,416,1137,210,2021,2021-03-01,봄
1254,사륜오토바이(ATV),3,22,3,6,15,2,2021,2021-03-01,봄
1255,원동기장치자전거,3,204,0,70,155,38,2021,2021-03-01,봄
1256,자전거,3,405,5,109,234,91,2021,2021-03-01,봄
1257,개인형이동수단(PM),3,133,1,36,84,23,2021,2021-03-01,봄
1258,건설기계,3,202,7,63,210,8,2021,2021-03-01,봄
1259,농기계,3,24,5,8,12,0,2021,2021-03-01,봄
1260,기타,3,15,0,6,9,1,2021,2021-03-01,봄
1261,기타,3,189,0,21,139,48,2021,2021-03-01,봄
1262,승용차,4,11160,97,3008,12890,701,2021,2021-04-01,봄
1263,승합차,4,826,8,260,886,51,2021,2021-04-01,봄
1264,화물차,4,2173,52,719,2384,100,2021,2021-04-01,봄
1265,특수차,4,110,6,34,148,3,2021,2021-04-01,봄
1266,이륜차,4,1592,31,512,1403,224,2021,2021-04-01,봄
1267,사륜오토바이(ATV),4,26,3,10,15,2,2021,2021-04-01,봄
1268,원동기장치자전거,4,218,6,87,151,30,2021,2021-04-01,봄
1269,자전거,4,610,6,187,346,130,2021,2021-04-01,봄
1270,개인형이동수단(PM),4,173,0,42,126,33,2021,2021-04-01,봄
1271,건설기계,4,270,2,79,293,10,2021,2021-04-01,봄
1272,농기계,4,29,0,14,20,5,2021,2021-04-01,봄
1273,기타,4,11,1,6,5,0,2021,2021-04-01,봄
1274,기타,4,205,0,25,155,48,2021,2021-04-01,봄
1275,승용차,5,11303,113,2939,13154,754,2021,2021-05-01,봄
1276,승합차,5,865,13,258,946,62,2021,2021-05-01,봄
1277,화물차,5,2110,59,628,2379,116,2021,2021-05-01,봄
1278,특수차,5,110,2,41,127,4,2021,2021-05-01,봄
1279,이륜차,5,1671,45,531,1367,263,2021,2021-05-01,봄
1280,사륜오토바이(ATV),5,22,2,6,16,3,2021,2021-05-01,봄
1281,원동기장치자전거,5,166,1,63,134,23,2021,2021-05-01,봄
1282,자전거,5,530,5,174,296,113,2021,2021-05-01,봄
1283,개인형이동수단(PM),5,166,0,38,105,43,2021,2021-05-01,봄
1284,건설기계,5,183,4,57,212,6,2021,2021-05-01,봄
1285,농기계,5,41,11,16,26,0,2021,2021-05-01,봄
1286,기타,5,16,0,4,7,7,2021,2021-05-01,봄
1287,기타,5,195,0,17,142,48,2021,2021-05-01,봄
1288,승용차,6,11159,95,3002,12847,686,2021,2021-06-01,여름
1289,승합차,6,868,3,315,977,74,2021,2021-06-01,여름
1290,화물차,6,2298,52,761,2494,120,2021,2021-06-01,여름
1291,특수차,6,103,7,32,108,4,2021,2021-06-01,여름
1292,이륜차,6,1675,38,488,1353,289,2021,2021-06-01,여름
1293,사륜오토바이(ATV),6,24,2,9,16,5,2021,2021-06-01,여름
1294,원동기장치자전거,6,147,3,43,125,24,2021,2021-06-01,여름
1295,자전거,6,622,10,173,375,130,2021,2021-06-01,여름
1296,개인형이동수단(PM),6,167,2,41,105,33,2021,2021-06-01,여름
1297,건설기계,6,243,7,91,259,9,2021,2021-06-01,여름
1298,농기계,6,57,8,25,38,2,2021,2021-06-01,여름
1299,기타,6,7,0,4,5,0,2021,2021-06-01,여름
1300,기타,6,205,0,35,135,58,2021,2021-06-01,여름
1301,승용차,7,11476,103,3023,13356,718,2021,2021-07-01,여름
1302,승합차,7,835,15,292,853,45,2021,2021-07-01,여름
1303,화물차,7,2272,57,703,2520,131,2021,2021-07-01,여름
1304,특수차,7,108,3,33,108,4,2021,2021-07-01,여름
1305,이륜차,7,1894,40,558,1606,295,2021,2021-07-01,여름
1306,사륜오토바이(ATV),7,21,2,8,14,2,2021,2021-07-01,여름
1307,원동기장치자전거,7,148,3,38,127,27,2021,2021-07-01,여름
1308,자전거,7,597,12,171,339,136,2021,2021-07-01,여름
1309,개인형이동수단(PM),7,186,2,45,129,25,2021,2021-07-01,여름
1310,건설기계,7,211,8,55,241,6,2021,2021-07-01,여름
1311,농기계,7,42,9,14,21,4,2021,2021-07-01,여름
1312,기타,7,15,0,5,11,4,2021,2021-07-01,여름
1313,기타,7,189,0,16,134,53,2021,2021-07-01,여름
1314,승용차,8,10411,117,2651,12364,660,2021,2021-08-01,여름
1315,승합차,8,743,12,239,808,53,2021,2021-08-01,여름
1316,화물차,8,2143,46,656,2353,123,2021,2021-08-01,여름
1317,특수차,8,98,4,38,113,5,2021,2021-08-01,여름
1318,이륜차,8,1719,37,563,1390,272,2021,2021-08-01,여름
1319,사륜오토바이(ATV),8,25,2,10,17,2,2021,2021-08-01,여름
1320,원동기장치자전거,8,138,5,33,106,27,2021,2021-08-01,여름
1321,자전거,8,547,8,181,314,114,2021,2021-08-01,여름
1322,개인형이동수단(PM),8,181,1,49,107,41,2021,2021-08-01,여름
1323,건설기계,8,166,10,55,164,6,2021,2021-08-01,여름
1324,농기계,8,31,5,12,20,2,2021,2021-08-01,여름
1325,기타,8,13,0,3,9,1,2021,2021-08-01,여름
1326,기타,8,203,0,26,141,54,2021,2021-08-01,여름
1327,승용차,9,11004,104,2925,12585,675,2021,2021-09-01,가을
1328,승합차,9,830,9,242,860,66,2021,2021-09-01,가을
1329,화물차,9,2088,60,656,2245,115,2021,2021-09-01,가을
1330,특수차,9,95,2,17,113,2,2021,2021-09-01,가을
1331,이륜차,9,1631,43,493,1416,236,2021,2021-09-01,가을
1332,사륜오토바이(ATV),9,15,1,4,13,4,2021,2021-09-01,가을
1333,원동기장치자전거,9,145,3,43,113,27,2021,2021-09-01,가을
1334,자전거,9,563,5,161,326,127,2021,2021-09-01,가을
1335,개인형이동수단(PM),9,184,2,49,123,34,2021,2021-09-01,가을
1336,건설기계,9,199,7,63,222,19,2021,2021-09-01,가을
1337,농기계,9,38,8,23,16,4,2021,2021-09-01,가을
1338,기타,9,10,1,4,9,0,2021,2021-09-01,가을
1339,기타,9,210,1,26,143,53,2021,2021-09-01,가을
1340,승용차,10,11859,149,3020,13776,760,2021,2021-10-01,가을
1341,승합차,10,853,17,284,884,66,2021,2021-10-01,가을
1342,화물차,10,2402,67,755,2589,144,2021,2021-10-01,가을
1343,특수차,10,112,2,29,142,3,2021,2021-10-01,가을
1344,이륜차,10,1684,47,520,1455,243,2021,2021-10-01,가을
1345,사륜오토바이(ATV),10,26,4,14,12,0,2021,2021-10-01,가을
1346,원동기장치자전거,10,171,6,42,137,32,2021,2021-10-01,가을
1347,자전거,10,512,5,163,304,96,2021,2021-10-01,가을
1348,개인형이동수단(PM),10,174,4,50,110,29,2021,2021-10-01,가을
1349,건설기계,10,219,7,65,240,9,2021,2021-10-01,가을
1350,농기계,10,34,4,18,21,1,2021,2021-10-01,가을
1351,기타,10,16,0,5,11,4,2021,2021-10-01,가을
1352,기타,10,238,0,34,180,60,2021,2021-10-01,가을
1353,승용차,11,12032,134,3098,13527,811,2021,2021-11-01,가을
1354,승합차,11,927,16,320,928,112,2021,2021-11-01,가을
1355,화물차,11,2376,78,779,2513,161,2021,2021-11-01,가을
1356,특수차,11,99,4,28,119,2,2021,2021-11-01,가을
1357,이륜차,11,1410,32,437,1165,223,2021,2021-11-01,가을
1358,사륜오토바이(ATV),11,25,1,8,16,5,2021,2021-11-01,가을
1359,원동기장치자전거,11,150,2,48,112,27,2021,2021-11-01,가을
1360,자전거,11,410,4,133,234,83,2021,2021-11-01,가을
1361,개인형이동수단(PM),11,152,2,41,99,24,2021,2021-11-01,가을
1362,건설기계,11,229,6,68,259,12,2021,2021-11-01,가을
1363,농기계,11,31,6,12,20,1,2021,2021-11-01,가을
1364,기타,11,8,0,2,5,2,2021,2021-11-01,가을
1365,기타,11,247,0,34,177,61,2021,2021-11-01,가을
1366,승용차,12,11294,141,2783,12633,785,2021,2021-12-01,겨울
1367,승합차,12,885,18,272,911,96,2021,2021-12-01,겨울
1368,화물차,12,2146,61,571,2319,133,2021,2021-12-01,겨울
1369,특수차,12,116,3,32,129,6,2021,2021-12-01,겨울
1370,이륜차,12,1430,24,408,1194,231,2021,2021-12-01,겨울
1371,사륜오토바이(ATV),12,12,0,4,8,0,2021,2021-12-01,겨울
1372,원동기장치자전거,12,158,3,45,129,27,2021,2021-12-01,겨울
1373,자전거,12,257,1,70,142,62,2021,2021-12-01,겨울
1374,개인형이동수단(PM),12,113,2,25,77,19,2021,2021-12-01,겨울
1375,건설기계,12,210,11,45,213,10,2021,2021-12-01,겨울
1376,농기계,12,18,2,7,15,0,2021,2021-12-01,겨울
1377,기타,12,16,3,2,8,4,2021,2021-12-01,겨울
1378,기타,12,279,0,27,221,60,2021,2021-12-01,겨울
1379,승용차,1,10734,98,2754,12346,735,2022,2022-01-01,겨울
1380,승합차,1,781,5,245,782,62,2022,2022-01-01,겨울
1381,화물차,1,2020,43,621,2176,118,2022,2022-01-01,겨울
1382,특수차,1,89,3,29,111,3,2022,2022-01-01,겨울
1383,이륜차,1,1360,25,393,1120,213,2022,2022-01-01,겨울
1384,사륜오토바이(ATV),1,15,1,4,13,2,2022,2022-01-01,겨울
1385,원동기장치자전거,1,155,6,35,119,31,2022,2022-01-01,겨울
1386,자전거,1,253,5,71,154,55,2022,2022-01-01,겨울
1387,개인형이동수단(PM),1,74,0,10,59,14,2022,2022-01-01,겨울
1388,건설기계,1,182,5,48,199,10,2022,2022-01-01,겨울
1389,농기계,1,13,2,4,11,0,2022,2022-01-01,겨울
1390,기타,1,218,0,22,169,53,2022,2022-01-01,겨울
1391,승용차,2,8289,73,2047,9484,610,2022,2022-02-01,겨울
1392,승합차,2,669,10,219,668,51,2022,2022-02-01,겨울
1393,화물차,2,1523,38,465,1589,100,2022,2022-02-01,겨울
1394,특수차,2,76,2,28,90,18,2022,2022-02-01,겨울
1395,이륜차,2,1070,20,348,864,164,2022,2022-02-01,겨울
1396,사륜오토바이(ATV),2,20,2,5,11,5,2022,2022-02-01,겨울
1397,원동기장치자전거,2,149,5,41,122,17,2022,2022-02-01,겨울
1398,자전거,2,201,5,64,98,49,2022,2022-02-01,겨울
1399,개인형이동수단(PM),2,52,0,18,30,8,2022,2022-02-01,겨울
1400,건설기계,2,135,4,41,131,6,2022,2022-02-01,겨울
1401,농기계,2,12,2,5,6,0,2022,2022-02-01,겨울
1402,기타,2,166,0,20,116,50,2022,2022-02-01,겨울
1403,승용차,3,9018,80,2254,9997,575,2022,2022-03-01,봄
1404,승합차,3,671,10,199,670,36,2022,2022-03-01,봄
1405,화물차,3,1667,44,491,1723,86,2022,2022-03-01,봄
1406,특수차,3,74,4,19,74,4,2022,2022-03-01,봄
1407,이륜차,3,1233,26,415,1034,175,2022,2022-03-01,봄
1408,사륜오토바이(ATV),3,15,2,7,11,0,2022,2022-03-01,봄
1409,원동기장치자전거,3,144,5,45,99,22,2022,2022-03-01,봄
1410,자전거,3,338,5,97,196,71,2022,2022-03-01,봄
1411,개인형이동수단(PM),3,103,2,32,60,22,2022,2022-03-01,봄
1412,건설기계,3,168,4,58,170,4,2022,2022-03-01,봄
1413,농기계,3,21,1,9,12,2,2022,2022-03-01,봄
1414,기타,3,168,0,14,130,40,2022,2022-03-01,봄
1415,승용차,4,10729,95,2718,12440,791,2022,2022-04-01,봄
1416,승합차,4,840,6,277,929,76,2022,2022-04-01,봄
1417,화물차,4,2060,41,658,2246,130,2022,2022-04-01,봄
1418,특수차,4,110,6,31,108,7,2022,2022-04-01,봄
1419,이륜차,4,1414,39,440,1177,228,2022,2022-04-01,봄
1420,사륜오토바이(ATV),4,33,4,8,21,1,2022,2022-04-01,봄
1421,원동기장치자전거,4,181,2,65,142,22,2022,2022-04-01,봄
1422,자전거,4,489,14,137,296,107,2022,2022-04-01,봄
1423,개인형이동수단(PM),4,195,0,56,139,34,2022,2022-04-01,봄
1424,건설기계,4,201,6,52,206,12,2022,2022-04-01,봄
1425,농기계,4,27,2,19,15,1,2022,2022-04-01,봄
1426,기타,4,193,1,17,154,39,2022,2022-04-01,봄
1427,승용차,5,11595,77,2951,13346,910,2022,2022-05-01,봄
1428,승합차,5,960,10,288,1007,85,2022,2022-05-01,봄
1429,화물차,5,2169,65,659,2277,148,2022,2022-05-01,봄
1430,특수차,5,106,5,37,122,7,2022,2022-05-01,봄
1431,이륜차,5,1525,44,453,1269,207,2022,2022-05-01,봄
1432,사륜오토바이(ATV),5,23,1,9,14,1,2022,2022-05-01,봄
1433,원동기장치자전거,5,194,5,61,165,35,2022,2022-05-01,봄
1434,자전거,5,736,12,232,403,182,2022,2022-05-01,봄
1435,개인형이동수단(PM),5,244,6,70,157,46,2022,2022-05-01,봄
1436,건설기계,5,229,4,64,235,10,2022,2022-05-01,봄
1437,농기계,5,52,6,19,39,6,2022,2022-05-01,봄
1438,기타,5,232,0,29,173,56,2022,2022-05-01,봄
1439,승용차,6,10713,85,2707,12176,849,2022,2022-06-01,여름
1440,승합차,6,900,16,254,948,104,2022,2022-06-01,여름
1441,화물차,6,1967,56,628,2074,102,2022,2022-06-01,여름
1442,특수차,6,95,2,16,140,6,2022,2022-06-01,여름
1443,이륜차,6,1349,42,421,1124,200,2022,2022-06-01,여름
1444,사륜오토바이(ATV),6,22,2,9,10,1,2022,2022-06-01,여름
1445,원동기장치자전거,6,156,5,52,116,27,2022,2022-06-01,여름
1446,자전거,6,595,11,180,346,131,2022,2022-06-01,여름
1447,개인형이동수단(PM),6,301,4,90,192,67,2022,2022-06-01,여름
1448,건설기계,6,155,1,46,160,5,2022,2022-06-01,여름
1449,농기계,6,35,7,12,25,1,2022,2022-06-01,여름
1450,기타,6,193,0,23,140,47,2022,2022-06-01,여름
1451,승용차,7,11162,114,2750,13138,849,2022,2022-07-01,여름
1452,승합차,7,881,7,263,1007,92,2022,2022-07-01,여름
1453,화물차,7,2025,50,565,2213,163,2022,2022-07-01,여름
1454,특수차,7,82,3,23,86,5,2022,2022-07-01,여름
1455,이륜차,7,1430,37,468,1148,250,2022,2022-07-01,여름
1456,사륜오토바이(ATV),7,26,1,12,15,5,2022,2022-07-01,여름
1457,원동기장치자전거,7,196,3,64,144,36,2022,2022-07-01,여름
1458,자전거,7,591,10,179,359,106,2022,2022-07-01,여름
1459,개인형이동수단(PM),7,318,4,79,222,60,2022,2022-07-01,여름
1460,건설기계,7,172,6,59,178,10,2022,2022-07-01,여름
1461,농기계,7,27,6,12,17,2,2022,2022-07-01,여름
1462,기타,7,205,0,25,150,58,2022,2022-07-01,여름
1463,승용차,8,10763,101,2634,12659,807,2022,2022-08-01,여름
1464,승합차,8,903,14,267,1055,100,2022,2022-08-01,여름
1465,화물차,8,2069,62,600,2265,121,2022,2022-08-01,여름
1466,특수차,8,109,2,20,120,6,2022,2022-08-01,여름
1467,이륜차,8,1360,28,449,1121,219,2022,2022-08-01,여름
1468,사륜오토바이(ATV),8,30,4,19,12,3,2022,2022-08-01,여름
1469,원동기장치자전거,8,163,3,50,140,22,2022,2022-08-01,여름
1470,자전거,8,440,5,116,250,112,2022,2022-08-01,여름
1471,개인형이동수단(PM),8,256,4,60,175,44,2022,2022-08-01,여름
1472,건설기계,8,161,7,39,187,7,2022,2022-08-01,여름
1473,농기계,8,34,11,12,17,1,2022,2022-08-01,여름
1474,기타,8,208,1,35,157,53,2022,2022-08-01,여름
1475,승용차,9,11224,113,2690,13068,888,2022,2022-09-01,가을
1476,승합차,9,952,15,270,998,78,2022,2022-09-01,가을
1477,화물차,9,2148,63,648,2290,163,2022,2022-09-01,가을
1478,특수차,9,100,2,25,118,10,2022,2022-09-01,가을
1479,이륜차,9,1282,38,400,1077,171,2022,2022-09-01,가을
1480,사륜오토바이(ATV),9,26,2,14,12,2,2022,2022-09-01,가을
1481,원동기장치자전거,9,200,3,65,157,33,2022,2022-09-01,가을
1482,자전거,9,558,10,177,313,110,2022,2022-09-01,가을
1483,개인형이동수단(PM),9,262,2,62,176,58,2022,2022-09-01,가을
1484,건설기계,9,172,4,44,203,7,2022,2022-09-01,가을
1485,농기계,9,35,5,10,25,4,2022,2022-09-01,가을
1486,기타,9,257,0,43,178,57,2022,2022-09-01,가을
1487,승용차,10,12104,132,2931,14176,950,2022,2022-10-01,가을
1488,승합차,10,1070,13,375,1078,110,2022,2022-10-01,가을
1489,화물차,10,2273,59,652,2536,155,2022,2022-10-01,가을
1490,특수차,10,92,4,31,109,3,2022,2022-10-01,가을
1491,이륜차,10,1482,46,490,1182,227,2022,2022-10-01,가을
1492,사륜오토바이(ATV),10,27,3,7,14,4,2022,2022-10-01,가을
1493,원동기장치자전거,10,209,4,62,182,28,2022,2022-10-01,가을
1494,자전거,10,524,4,155,306,96,2022,2022-10-01,가을
1495,개인형이동수단(PM),10,269,1,71,167,60,2022,2022-10-01,가을
1496,건설기계,10,221,10,69,261,26,2022,2022-10-01,가을
1497,농기계,10,34,9,11,19,4,2022,2022-10-01,가을
1498,기타,10,203,0,29,149,50,2022,2022-10-01,가을
1499,승용차,11,11575,117,2760,12954,911,2022,2022-11-01,가을
1500,승합차,11,1027,20,308,1085,98,2022,2022-11-01,가을
1501,화물차,11,2187,58,667,2374,137,2022,2022-11-01,가을
1502,특수차,11,122,3,29,142,7,2022,2022-11-01,가을
1503,이륜차,11,1340,31,416,1081,221,2022,2022-11-01,가을
1504,사륜오토바이(ATV),11,18,4,7,7,3,2022,2022-11-01,가을
1505,원동기장치자전거,11,190,8,61,149,29,2022,2022-11-01,가을
1506,자전거,11,439,5,136,216,115,2022,2022-11-01,가을
1507,개인형이동수단(PM),11,215,2,60,146,34,2022,2022-11-01,가을
1508,건설기계,11,198,5,56,198,12,2022,2022-11-01,가을
1509,농기계,11,32,4,14,20,5,2022,2022-11-01,가을
1510,기타,11,235,0,30,189,66,2022,2022-11-01,가을
1511,승용차,12,11803,114,2623,13830,881,2022,2022-12-01,겨울
1512,승합차,12,1010,18,313,1200,114,2022,2022-12-01,겨울
1513,화물차,12,2125,51,590,2331,161,2022,2022-12-01,겨울
1514,특수차,12,93,2,25,102,4,2022,2022-12-01,겨울
1515,이륜차,12,1087,26,310,895,182,2022,2022-12-01,겨울
1516,사륜오토바이(ATV),12,11,1,5,6,1,2022,2022-12-01,겨울
1517,원동기장치자전거,12,160,6,53,121,25,2022,2022-12-01,겨울
1518,자전거,12,229,5,64,131,46,2022,2022-12-01,겨울
1519,개인형이동수단(PM),12,97,1,22,63,21,2022,2022-12-01,겨울
1520,건설기계,12,181,7,45,212,6,2022,2022-12-01,겨울
1521,농기계,12,8,3,0,7,0,2022,2022-12-01,겨울
1522,기타,12,225,0,25,167,62,2022,2022-12-01,겨울
1523,승용차,1,10100,85,2478,11706,823,2023,2023-01-01,겨울
1524,승합차,1,874,18,276,939,72,2023,2023-01-01,겨울
1525,화물차,1,1817,54,499,1869,133,2023,2023-01-01,겨울
1526,특수차,1,68,1,21,66,9,2023,2023-01-01,겨울
1527,이륜차,1,916,17,288,721,124,2023,2023-01-01,겨울
1528,사륜오토바이(ATV),1,13,3,7,4,2,2023,2023-01-01,겨울
1529,원동기장치자전거,1,128,1,43,92,22,2023,2023-01-01,겨울
1530,자전거,1,167,3,52,87,33,2023,2023-01-01,겨울
1531,개인형이동수단(PM),1,82,1,24,40,22,2023,2023-01-01,겨울
1532,건설기계,1,128,6,40,129,6,2023,2023-01-01,겨울
1533,농기계,1,9,1,5,6,0,2023,2023-01-01,겨울
1534,기타,1,178,0,15,130,43,2023,2023-01-01,겨울
1535,승용차,2,8982,86,2265,10257,674,2023,2023-02-01,겨울
1536,승합차,2,775,7,246,780,92,2023,2023-02-01,겨울
1537,화물차,2,1703,45,528,1794,131,2023,2023-02-01,겨울
1538,특수차,2,89,5,24,105,2,2023,2023-02-01,겨울
1539,이륜차,2,886,20,295,716,158,2023,2023-02-01,겨울
1540,사륜오토바이(ATV),2,20,2,7,10,2,2023,2023-02-01,겨울
1541,원동기장치자전거,2,106,2,35,81,19,2023,2023-02-01,겨울
1542,자전거,2,250,4,79,130,53,2023,2023-02-01,겨울
1543,개인형이동수단(PM),2,103,2,31,64,12,2023,2023-02-01,겨울
1544,건설기계,2,157,3,38,173,6,2023,2023-02-01,겨울
1545,농기계,2,9,5,3,2,0,2023,2023-02-01,겨울
1546,기타,2,204,0,17,151,61,2023,2023-02-01,겨울
1547,승용차,3,10631,84,2549,12049,736,2023,2023-03-01,봄
1548,승합차,3,953,8,254,950,89,2023,2023-03-01,봄
1549,화물차,3,1991,40,548,2137,122,2023,2023-03-01,봄
1550,특수차,3,119,4,39,147,8,2023,2023-03-01,봄
1551,이륜차,3,1147,32,347,926,174,2023,2023-03-01,봄
1552,사륜오토바이(ATV),3,21,2,8,12,1,2023,2023-03-01,봄
1553,원동기장치자전거,3,147,4,50,124,23,2023,2023-03-01,봄
1554,자전거,3,416,6,136,226,89,2023,2023-03-01,봄
1555,개인형이동수단(PM),3,146,0,40,87,28,2023,2023-03-01,봄
1556,건설기계,3,193,3,45,238,7,2023,2023-03-01,봄
1557,농기계,3,29,4,12,21,3,2023,2023-03-01,봄
1558,기타,3,207,0,21,145,67,2023,2023-03-01,봄
1559,승용차,4,10759,84,2721,12357,853,2023,2023-04-01,봄
1560,승합차,4,1030,11,311,1055,104,2023,2023-04-01,봄
1561,화물차,4,1985,39,635,2088,205,2023,2023-04-01,봄
1562,특수차,4,95,1,32,112,9,2023,2023-04-01,봄
1563,이륜차,4,1239,28,375,1060,193,2023,2023-04-01,봄
1564,사륜오토바이(ATV),4,21,0,15,13,0,2023,2023-04-01,봄
1565,원동기장치자전거,4,170,1,39,123,44,2023,2023-04-01,봄
1566,자전거,4,466,7,139,265,99,2023,2023-04-01,봄
1567,개인형이동수단(PM),4,192,2,48,144,33,2023,2023-04-01,봄
1568,건설기계,4,159,4,56,173,8,2023,2023-04-01,봄
1569,농기계,4,27,4,10,14,1,2023,2023-04-01,봄
1570,기타,4,193,1,25,133,57,2023,2023-04-01,봄
1571,승용차,5,11410,90,2810,13157,964,2023,2023-05-01,봄
1572,승합차,5,1005,8,331,1111,132,2023,2023-05-01,봄
1573,화물차,5,2138,57,687,2279,156,2023,2023-05-01,봄
1574,특수차,5,101,3,19,109,10,2023,2023-05-01,봄
1575,이륜차,5,1345,26,419,1102,221,2023,2023-05-01,봄
1576,사륜오토바이(ATV),5,32,3,12,21,3,2023,2023-05-01,봄
1577,원동기장치자전거,5,194,0,68,140,32,2023,2023-05-01,봄
1578,자전거,5,613,6,183,349,145,2023,2023-05-01,봄
1579,개인형이동수단(PM),5,248,2,71,167,35,2023,2023-05-01,봄
1580,건설기계,5,199,5,58,246,10,2023,2023-05-01,봄
1581,농기계,5,38,3,20,17,4,2023,2023-05-01,봄
1582,기타,5,229,0,30,153,69,2023,2023-05-01,봄
1583,승용차,6,10832,100,2750,12127,848,2023,2023-06-01,여름
1584,승합차,6,968,5,295,1141,175,2023,2023-06-01,여름
1585,화물차,6,2046,43,591,2217,148,2023,2023-06-01,여름
1586,특수차,6,111,1,36,131,8,2023,2023-06-01,여름
1587,이륜차,6,1275,23,438,1046,205,2023,2023-06-01,여름
1588,사륜오토바이(ATV),6,26,2,10,16,5,2023,2023-06-01,여름
1589,원동기장치자전거,6,175,4,56,141,21,2023,2023-06-01,여름
1590,자전거,6,599,6,166,357,159,2023,2023-06-01,여름
1591,개인형이동수단(PM),6,280,4,64,164,75,2023,2023-06-01,여름
1592,건설기계,6,182,8,46,199,3,2023,2023-06-01,여름
1593,농기계,6,36,6,11,18,7,2023,2023-06-01,여름
1594,기타,6,186,0,19,133,51,2023,2023-06-01,여름
1595,승용차,7,11043,93,2703,12751,968,2023,2023-07-01,여름
1596,승합차,7,934,9,276,962,113,2023,2023-07-01,여름
1597,화물차,7,1982,31,574,2092,143,2023,2023-07-01,여름
1598,특수차,7,99,4,24,106,9,2023,2023-07-01,여름
1599,이륜차,7,1261,41,393,966,208,2023,2023-07-01,여름
1600,사륜오토바이(ATV),7,23,7,5,12,3,2023,2023-07-01,여름
1601,원동기장치자전거,7,175,3,61,126,21,2023,2023-07-01,여름
1602,자전거,7,451,3,128,263,101,2023,2023-07-01,여름
1603,개인형이동수단(PM),7,258,4,74,151,51,2023,2023-07-01,여름
1604,건설기계,7,148,6,39,154,10,2023,2023-07-01,여름
1605,농기계,7,27,4,10,19,0,2023,2023-07-01,여름
1606,기타,7,177,0,22,115,60,2023,2023-07-01,여름
1607,승용차,8,11463,111,2846,13268,975,2023,2023-08-01,여름
1608,승합차,8,960,12,299,1025,96,2023,2023-08-01,여름
1609,화물차,8,2035,68,648,2124,164,2023,2023-08-01,여름
1610,특수차,8,105,2,29,126,7,2023,2023-08-01,여름
1611,이륜차,8,1291,23,411,1073,211,2023,2023-08-01,여름
1612,사륜오토바이(ATV),8,24,1,7,18,2,2023,2023-08-01,여름
1613,원동기장치자전거,8,193,7,62,142,39,2023,2023-08-01,여름
1614,자전거,8,513,6,156,277,120,2023,2023-08-01,여름
1615,개인형이동수단(PM),8,261,3,75,152,72,2023,2023-08-01,여름
1616,건설기계,8,173,9,50,204,13,2023,2023-08-01,여름
1617,농기계,8,21,4,8,10,5,2023,2023-08-01,여름
1618,기타,8,173,0,31,120,48,2023,2023-08-01,여름
1619,승용차,9,11787,99,3003,13233,1043,2023,2023-09-01,가을
1620,승합차,9,1058,15,335,1277,117,2023,2023-09-01,가을
1621,화물차,9,2212,56,712,2312,165,2023,2023-09-01,가을
1622,특수차,9,86,2,22,104,7,2023,2023-09-01,가을
1623,이륜차,9,1346,41,408,1111,228,2023,2023-09-01,가을
1624,사륜오토바이(ATV),9,18,2,6,13,1,2023,2023-09-01,가을
1625,원동기장치자전거,9,180,4,53,137,30,2023,2023-09-01,가을
1626,자전거,9,504,6,154,271,123,2023,2023-09-01,가을
1627,개인형이동수단(PM),9,237,2,58,145,61,2023,2023-09-01,가을
1628,건설기계,9,186,6,52,199,8,2023,2023-09-01,가을
1629,농기계,9,31,6,13,15,2,2023,2023-09-01,가을
1630,기타,9,215,0,24,138,71,2023,2023-09-01,가을
1631,승용차,10,11196,125,3005,12362,892,2023,2023-10-01,가을
1632,승합차,10,1063,14,367,1180,128,2023,2023-10-01,가을
1633,화물차,10,2110,66,728,2126,140,2023,2023-10-01,가을
1634,특수차,10,103,5,27,120,2,2023,2023-10-01,가을
1635,이륜차,10,1350,31,447,1161,194,2023,2023-10-01,가을
1636,사륜오토바이(ATV),10,17,3,8,8,1,2023,2023-10-01,가을
1637,원동기장치자전거,10,170,3,55,153,21,2023,2023-10-01,가을
1638,자전거,10,587,7,197,305,151,2023,2023-10-01,가을
1639,개인형이동수단(PM),10,279,4,72,178,48,2023,2023-10-01,가을
1640,건설기계,10,202,3,61,222,13,2023,2023-10-01,가을
1641,농기계,10,31,4,9,27,2,2023,2023-10-01,가을
1642,기타,10,225,0,24,150,69,2023,2023-10-01,가을
1643,승용차,11,11897,134,3062,13041,937,2023,2023-11-01,가을
1644,승합차,11,1122,14,364,1418,162,2023,2023-11-01,가을
1645,화물차,11,2274,58,700,2349,202,2023,2023-11-01,가을
1646,특수차,11,118,2,27,140,14,2023,2023-11-01,가을
1647,이륜차,11,1204,28,384,1015,171,2023,2023-11-01,가을
1648,사륜오토바이(ATV),11,28,1,14,18,2,2023,2023-11-01,가을
1649,원동기장치자전거,11,130,6,43,109,16,2023,2023-11-01,가을
1650,자전거,11,363,8,119,192,74,2023,2023-11-01,가을
1651,개인형이동수단(PM),11,174,0,40,118,36,2023,2023-11-01,가을
1652,건설기계,11,188,2,59,180,14,2023,2023-11-01,가을
1653,농기계,11,22,4,8,13,1,2023,2023-11-01,가을
1654,기타,11,228,0,29,155,72,2023,2023-11-01,가을
1655,승용차,12,11821,109,2846,13320,1000,2023,2023-12-01,겨울
1656,승합차,12,1073,15,322,1258,110,2023,2023-12-01,겨울
1657,화물차,12,2116,38,606,2145,151,2023,2023-12-01,겨울
1658,특수차,12,120,1,36,127,7,2023,2023-12-01,겨울
1659,이륜차,12,1115,17,358,874,193,2023,2023-12-01,겨울
1660,사륜오토바이(ATV),12,19,3,11,6,0,2023,2023-12-01,겨울
1661,원동기장치자전거,12,162,1,54,120,26,2023,2023-12-01,겨울
1662,자전거,12,217,2,60,112,54,2023,2023-12-01,겨울
1663,개인형이동수단(PM),12,129,0,40,76,26,2023,2023-12-01,겨울
1664,건설기계,12,173,5,43,218,12,2023,2023-12-01,겨울
1665,농기계,12,10,3,3,4,0,2023,2023-12-01,겨울
1666,기타,12,242,0,29,166,67,2023,2023-12-01,겨울
